/home/npanczyk/miniconda3/envs/mc26/lib/python3.12/site-packages/stable_baselines3/common/vec_env/vec_monitor.py:43: UserWarning: The environment is already wrapped with a `Monitor` wrapperbut you are wrapping it with a `VecMonitor` wrapper, the `Monitor` statistics will beoverwritten by the `VecMonitor` ones.
  warnings.warn(
Training a multidrum model with a single RL...
Using cpu device
Logging to /home/npanczyk/2026-panczyk-rlval/workflow/scripts/runs/train_fivemillion/logs/PPO_1
/home/npanczyk/miniconda3/envs/mc26/lib/python3.12/site-packages/stable_baselines3/common/callbacks.py:419: UserWarning: Training and eval env are not of the same type<stable_baselines3.common.vec_env.vec_monitor.VecMonitor object at 0x7f0e3c4ee2d0> != <stable_baselines3.common.vec_env.dummy_vec_env.DummyVecEnv object at 0x7f0490a6e660>
  warnings.warn("Training and eval env are not of the same type" f"{self.training_env} != {self.eval_env}")
Eval num_timesteps=10000, episode_reward=-70.38 +/- 0.00
Episode length: 35.00 +/- 0.00
---------------------------------
| eval/              |          |
|    mean_ep_length  | 35       |
|    mean_reward     | -70.4    |
| time/              |          |
|    total_timesteps | 10000    |
---------------------------------
/home/npanczyk/miniconda3/envs/mc26/lib/python3.12/site-packages/torch/cuda/__init__.py:228: UserWarning: CUDA initialization: The NVIDIA driver on your system is too old (found version 12080). Please update your GPU driver by downloading and installing a new version from the URL: http://www.nvidia.com/Download/index.aspx Alternatively, go to: https://pytorch.org to install a PyTorch version that has been compiled with your version of the CUDA driver. (Triggered internally at /__w/pytorch/pytorch/c10/cuda/CUDAFunctions.cpp:119.)
  return torch._C._cuda_getDeviceCount() > 0
New best mean reward!
Eval num_timesteps=20000, episode_reward=-70.38 +/- 0.00
Episode length: 35.00 +/- 0.00
---------------------------------
| eval/              |          |
|    mean_ep_length  | 35       |
|    mean_reward     | -70.4    |
| time/              |          |
|    total_timesteps | 20000    |
---------------------------------
---------------------------------
| rollout/           |          |
|    ep_len_mean     | 17.9     |
|    ep_rew_mean     | -102     |
| time/              |          |
|    fps             | 656      |
|    iterations      | 1        |
|    time_elapsed    | 31       |
|    total_timesteps | 20480    |
---------------------------------
Eval num_timesteps=30000, episode_reward=-69.61 +/- 0.00
Episode length: 35.00 +/- 0.00
------------------------------------------
| eval/                   |              |
|    mean_ep_length       | 35           |
|    mean_reward          | -69.6        |
| time/                   |              |
|    total_timesteps      | 30000        |
| train/                  |              |
|    approx_kl            | 0.0050103264 |
|    clip_fraction        | 0.0668       |
|    clip_range           | 0.2          |
|    entropy_loss         | -11.3        |
|    explained_variance   | 4.23e-05     |
|    learning_rate        | 0.0003       |
|    loss                 | 366          |
|    n_updates            | 10           |
|    policy_gradient_loss | -0.00375     |
|    std                  | 0.992        |
|    value_loss           | 1.71e+03     |
------------------------------------------
New best mean reward!
Eval num_timesteps=40000, episode_reward=-69.61 +/- 0.00
Episode length: 35.00 +/- 0.00
---------------------------------
| eval/              |          |
|    mean_ep_length  | 35       |
|    mean_reward     | -69.6    |
| time/              |          |
|    total_timesteps | 40000    |
---------------------------------
---------------------------------
| rollout/           |          |
|    ep_len_mean     | 18.9     |
|    ep_rew_mean     | -101     |
| time/              |          |
|    fps             | 571      |
|    iterations      | 2        |
|    time_elapsed    | 71       |
|    total_timesteps | 40960    |
---------------------------------
Eval num_timesteps=50000, episode_reward=-81.66 +/- 0.00
Episode length: 35.00 +/- 0.00
------------------------------------------
| eval/                   |              |
|    mean_ep_length       | 35           |
|    mean_reward          | -81.7        |
| time/                   |              |
|    total_timesteps      | 50000        |
| train/                  |              |
|    approx_kl            | 0.0076867975 |
|    clip_fraction        | 0.057        |
|    clip_range           | 0.2          |
|    entropy_loss         | -11.3        |
|    explained_variance   | -3.7e-06     |
|    learning_rate        | 0.0003       |
|    loss                 | 133          |
|    n_updates            | 20           |
|    policy_gradient_loss | -0.00609     |
|    std                  | 0.986        |
|    value_loss           | 340          |
------------------------------------------
Eval num_timesteps=60000, episode_reward=-81.66 +/- 0.00
Episode length: 35.00 +/- 0.00
---------------------------------
| eval/              |          |
|    mean_ep_length  | 35       |
|    mean_reward     | -81.7    |
| time/              |          |
|    total_timesteps | 60000    |
---------------------------------
---------------------------------
| rollout/           |          |
|    ep_len_mean     | 22.2     |
|    ep_rew_mean     | -99.5    |
| time/              |          |
|    fps             | 541      |
|    iterations      | 3        |
|    time_elapsed    | 113      |
|    total_timesteps | 61440    |
---------------------------------
Eval num_timesteps=70000, episode_reward=-75.92 +/- 0.00
Episode length: 36.00 +/- 0.00
-----------------------------------------
| eval/                   |             |
|    mean_ep_length       | 36          |
|    mean_reward          | -75.9       |
| time/                   |             |
|    total_timesteps      | 70000       |
| train/                  |             |
|    approx_kl            | 0.014142683 |
|    clip_fraction        | 0.141       |
|    clip_range           | 0.2         |
|    entropy_loss         | -11.2       |
|    explained_variance   | -1.43e-06   |
|    learning_rate        | 0.0003      |
|    loss                 | 80.6        |
|    n_updates            | 30          |
|    policy_gradient_loss | -0.0158     |
|    std                  | 0.983       |
|    value_loss           | 179         |
-----------------------------------------
Eval num_timesteps=80000, episode_reward=-75.92 +/- 0.00
Episode length: 36.00 +/- 0.00
---------------------------------
| eval/              |          |
|    mean_ep_length  | 36       |
|    mean_reward     | -75.9    |
| time/              |          |
|    total_timesteps | 80000    |
---------------------------------
---------------------------------
| rollout/           |          |
|    ep_len_mean     | 25.6     |
|    ep_rew_mean     | -98.1    |
| time/              |          |
|    fps             | 525      |
|    iterations      | 4        |
|    time_elapsed    | 155      |
|    total_timesteps | 81920    |
---------------------------------
Eval num_timesteps=90000, episode_reward=-60.30 +/- 0.00
Episode length: 39.00 +/- 0.00
-----------------------------------------
| eval/                   |             |
|    mean_ep_length       | 39          |
|    mean_reward          | -60.3       |
| time/                   |             |
|    total_timesteps      | 90000       |
| train/                  |             |
|    approx_kl            | 0.016321212 |
|    clip_fraction        | 0.168       |
|    clip_range           | 0.2         |
|    entropy_loss         | -11.2       |
|    explained_variance   | -9.54e-07   |
|    learning_rate        | 0.0003      |
|    loss                 | 102         |
|    n_updates            | 40          |
|    policy_gradient_loss | -0.0162     |
|    std                  | 0.977       |
|    value_loss           | 153         |
-----------------------------------------
New best mean reward!
Eval num_timesteps=100000, episode_reward=-60.30 +/- 0.00
Episode length: 39.00 +/- 0.00
---------------------------------
| eval/              |          |
|    mean_ep_length  | 39       |
|    mean_reward     | -60.3    |
| time/              |          |
|    total_timesteps | 100000   |
---------------------------------
---------------------------------
| rollout/           |          |
|    ep_len_mean     | 30.9     |
|    ep_rew_mean     | -94.9    |
| time/              |          |
|    fps             | 513      |
|    iterations      | 5        |
|    time_elapsed    | 199      |
|    total_timesteps | 102400   |
---------------------------------
Eval num_timesteps=110000, episode_reward=-61.50 +/- 0.00
Episode length: 40.00 +/- 0.00
-----------------------------------------
| eval/                   |             |
|    mean_ep_length       | 40          |
|    mean_reward          | -61.5       |
| time/                   |             |
|    total_timesteps      | 110000      |
| train/                  |             |
|    approx_kl            | 0.013925898 |
|    clip_fraction        | 0.15        |
|    clip_range           | 0.2         |
|    entropy_loss         | -11.1       |
|    explained_variance   | -8.34e-07   |
|    learning_rate        | 0.0003      |
|    loss                 | 83.9        |
|    n_updates            | 50          |
|    policy_gradient_loss | -0.00973    |
|    std                  | 0.971       |
|    value_loss           | 157         |
-----------------------------------------
Eval num_timesteps=120000, episode_reward=-61.50 +/- 0.00
Episode length: 40.00 +/- 0.00
---------------------------------
| eval/              |          |
|    mean_ep_length  | 40       |
|    mean_reward     | -61.5    |
| time/              |          |
|    total_timesteps | 120000   |
---------------------------------
---------------------------------
| rollout/           |          |
|    ep_len_mean     | 33.2     |
|    ep_rew_mean     | -90.3    |
| time/              |          |
|    fps             | 508      |
|    iterations      | 6        |
|    time_elapsed    | 241      |
|    total_timesteps | 122880   |
---------------------------------
Eval num_timesteps=130000, episode_reward=-78.32 +/- 0.00
Episode length: 44.00 +/- 0.00
-----------------------------------------
| eval/                   |             |
|    mean_ep_length       | 44          |
|    mean_reward          | -78.3       |
| time/                   |             |
|    total_timesteps      | 130000      |
| train/                  |             |
|    approx_kl            | 0.013711305 |
|    clip_fraction        | 0.144       |
|    clip_range           | 0.2         |
|    entropy_loss         | -11.1       |
|    explained_variance   | -1.19e-07   |
|    learning_rate        | 0.0003      |
|    loss                 | 80.1        |
|    n_updates            | 60          |
|    policy_gradient_loss | -0.00443    |
|    std                  | 0.964       |
|    value_loss           | 188         |
-----------------------------------------
Eval num_timesteps=140000, episode_reward=-78.32 +/- 0.00
Episode length: 44.00 +/- 0.00
---------------------------------
| eval/              |          |
|    mean_ep_length  | 44       |
|    mean_reward     | -78.3    |
| time/              |          |
|    total_timesteps | 140000   |
---------------------------------
---------------------------------
| rollout/           |          |
|    ep_len_mean     | 39.7     |
|    ep_rew_mean     | -90      |
| time/              |          |
|    fps             | 504      |
|    iterations      | 7        |
|    time_elapsed    | 284      |
|    total_timesteps | 143360   |
---------------------------------
Eval num_timesteps=150000, episode_reward=-74.93 +/- 0.00
Episode length: 46.00 +/- 0.00
-----------------------------------------
| eval/                   |             |
|    mean_ep_length       | 46          |
|    mean_reward          | -74.9       |
| time/                   |             |
|    total_timesteps      | 150000      |
| train/                  |             |
|    approx_kl            | 0.012600442 |
|    clip_fraction        | 0.136       |
|    clip_range           | 0.2         |
|    entropy_loss         | -11         |
|    explained_variance   | -1.19e-07   |
|    learning_rate        | 0.0003      |
|    loss                 | 111         |
|    n_updates            | 70          |
|    policy_gradient_loss | -0.00251    |
|    std                  | 0.955       |
|    value_loss           | 213         |
-----------------------------------------
Eval num_timesteps=160000, episode_reward=-74.93 +/- 0.00
Episode length: 46.00 +/- 0.00
---------------------------------
| eval/              |          |
|    mean_ep_length  | 46       |
|    mean_reward     | -74.9    |
| time/              |          |
|    total_timesteps | 160000   |
---------------------------------
---------------------------------
| rollout/           |          |
|    ep_len_mean     | 40.5     |
|    ep_rew_mean     | -88.1    |
| time/              |          |
|    fps             | 502      |
|    iterations      | 8        |
|    time_elapsed    | 326      |
|    total_timesteps | 163840   |
---------------------------------
Eval num_timesteps=170000, episode_reward=-68.64 +/- 0.00
Episode length: 46.00 +/- 0.00
-----------------------------------------
| eval/                   |             |
|    mean_ep_length       | 46          |
|    mean_reward          | -68.6       |
| time/                   |             |
|    total_timesteps      | 170000      |
| train/                  |             |
|    approx_kl            | 0.009831557 |
|    clip_fraction        | 0.132       |
|    clip_range           | 0.2         |
|    entropy_loss         | -10.9       |
|    explained_variance   | -1.19e-07   |
|    learning_rate        | 0.0003      |
|    loss                 | 138         |
|    n_updates            | 80          |
|    policy_gradient_loss | 0.0011      |
|    std                  | 0.948       |
|    value_loss           | 242         |
-----------------------------------------
Eval num_timesteps=180000, episode_reward=-68.64 +/- 0.00
Episode length: 46.00 +/- 0.00
---------------------------------
| eval/              |          |
|    mean_ep_length  | 46       |
|    mean_reward     | -68.6    |
| time/              |          |
|    total_timesteps | 180000   |
---------------------------------
---------------------------------
| rollout/           |          |
|    ep_len_mean     | 42.2     |
|    ep_rew_mean     | -86.3    |
| time/              |          |
|    fps             | 500      |
|    iterations      | 9        |
|    time_elapsed    | 368      |
|    total_timesteps | 184320   |
---------------------------------
Eval num_timesteps=190000, episode_reward=-74.85 +/- 0.00
Episode length: 48.00 +/- 0.00
-----------------------------------------
| eval/                   |             |
|    mean_ep_length       | 48          |
|    mean_reward          | -74.9       |
| time/                   |             |
|    total_timesteps      | 190000      |
| train/                  |             |
|    approx_kl            | 0.008495087 |
|    clip_fraction        | 0.134       |
|    clip_range           | 0.2         |
|    entropy_loss         | -10.9       |
|    explained_variance   | -4.77e-07   |
|    learning_rate        | 0.0003      |
|    loss                 | 158         |
|    n_updates            | 90          |
|    policy_gradient_loss | 0.00305     |
|    std                  | 0.946       |
|    value_loss           | 267         |
-----------------------------------------
Eval num_timesteps=200000, episode_reward=-74.85 +/- 0.00
Episode length: 48.00 +/- 0.00
---------------------------------
| eval/              |          |
|    mean_ep_length  | 48       |
|    mean_reward     | -74.9    |
| time/              |          |
|    total_timesteps | 200000   |
---------------------------------
---------------------------------
| rollout/           |          |
|    ep_len_mean     | 43       |
|    ep_rew_mean     | -86.2    |
| time/              |          |
|    fps             | 498      |
|    iterations      | 10       |
|    time_elapsed    | 410      |
|    total_timesteps | 204800   |
---------------------------------
Eval num_timesteps=210000, episode_reward=-65.78 +/- 0.00
Episode length: 46.00 +/- 0.00
-----------------------------------------
| eval/                   |             |
|    mean_ep_length       | 46          |
|    mean_reward          | -65.8       |
| time/                   |             |
|    total_timesteps      | 210000      |
| train/                  |             |
|    approx_kl            | 0.012253179 |
|    clip_fraction        | 0.135       |
|    clip_range           | 0.2         |
|    entropy_loss         | -10.9       |
|    explained_variance   | 0           |
|    learning_rate        | 0.0003      |
|    loss                 | 127         |
|    n_updates            | 100         |
|    policy_gradient_loss | 0.00242     |
|    std                  | 0.944       |
|    value_loss           | 288         |
-----------------------------------------
Eval num_timesteps=220000, episode_reward=-65.78 +/- 0.00
Episode length: 46.00 +/- 0.00
---------------------------------
| eval/              |          |
|    mean_ep_length  | 46       |
|    mean_reward     | -65.8    |
| time/              |          |
|    total_timesteps | 220000   |
---------------------------------
---------------------------------
| rollout/           |          |
|    ep_len_mean     | 41.4     |
|    ep_rew_mean     | -84      |
| time/              |          |
|    fps             | 496      |
|    iterations      | 11       |
|    time_elapsed    | 454      |
|    total_timesteps | 225280   |
---------------------------------
Eval num_timesteps=230000, episode_reward=-66.47 +/- 0.00
Episode length: 48.00 +/- 0.00
-----------------------------------------
| eval/                   |             |
|    mean_ep_length       | 48          |
|    mean_reward          | -66.5       |
| time/                   |             |
|    total_timesteps      | 230000      |
| train/                  |             |
|    approx_kl            | 0.014261681 |
|    clip_fraction        | 0.158       |
|    clip_range           | 0.2         |
|    entropy_loss         | -10.9       |
|    explained_variance   | 0           |
|    learning_rate        | 0.0003      |
|    loss                 | 118         |
|    n_updates            | 110         |
|    policy_gradient_loss | 0.00304     |
|    std                  | 0.943       |
|    value_loss           | 303         |
-----------------------------------------
Eval num_timesteps=240000, episode_reward=-66.47 +/- 0.00
Episode length: 48.00 +/- 0.00
---------------------------------
| eval/              |          |
|    mean_ep_length  | 48       |
|    mean_reward     | -66.5    |
| time/              |          |
|    total_timesteps | 240000   |
---------------------------------
---------------------------------
| rollout/           |          |
|    ep_len_mean     | 43.2     |
|    ep_rew_mean     | -83.1    |
| time/              |          |
|    fps             | 495      |
|    iterations      | 12       |
|    time_elapsed    | 496      |
|    total_timesteps | 245760   |
---------------------------------
Eval num_timesteps=250000, episode_reward=-67.43 +/- 0.00
Episode length: 49.00 +/- 0.00
----------------------------------------
| eval/                   |            |
|    mean_ep_length       | 49         |
|    mean_reward          | -67.4      |
| time/                   |            |
|    total_timesteps      | 250000     |
| train/                  |            |
|    approx_kl            | 0.01235732 |
|    clip_fraction        | 0.148      |
|    clip_range           | 0.2        |
|    entropy_loss         | -10.9      |
|    explained_variance   | -1.19e-07  |
|    learning_rate        | 0.0003     |
|    loss                 | 143        |
|    n_updates            | 120        |
|    policy_gradient_loss | 0.00538    |
|    std                  | 0.94       |
|    value_loss           | 320        |
----------------------------------------
Eval num_timesteps=260000, episode_reward=-67.43 +/- 0.00
Episode length: 49.00 +/- 0.00
---------------------------------
| eval/              |          |
|    mean_ep_length  | 49       |
|    mean_reward     | -67.4    |
| time/              |          |
|    total_timesteps | 260000   |
---------------------------------
---------------------------------
| rollout/           |          |
|    ep_len_mean     | 45.3     |
|    ep_rew_mean     | -82.4    |
| time/              |          |
|    fps             | 493      |
|    iterations      | 13       |
|    time_elapsed    | 539      |
|    total_timesteps | 266240   |
---------------------------------
Eval num_timesteps=270000, episode_reward=-71.44 +/- 0.00
Episode length: 50.00 +/- 0.00
-----------------------------------------
| eval/                   |             |
|    mean_ep_length       | 50          |
|    mean_reward          | -71.4       |
| time/                   |             |
|    total_timesteps      | 270000      |
| train/                  |             |
|    approx_kl            | 0.012799981 |
|    clip_fraction        | 0.144       |
|    clip_range           | 0.2         |
|    entropy_loss         | -10.8       |
|    explained_variance   | 0           |
|    learning_rate        | 0.0003      |
|    loss                 | 153         |
|    n_updates            | 130         |
|    policy_gradient_loss | 0.0046      |
|    std                  | 0.936       |
|    value_loss           | 340         |
-----------------------------------------
Eval num_timesteps=280000, episode_reward=-71.44 +/- 0.00
Episode length: 50.00 +/- 0.00
---------------------------------
| eval/              |          |
|    mean_ep_length  | 50       |
|    mean_reward     | -71.4    |
| time/              |          |
|    total_timesteps | 280000   |
---------------------------------
---------------------------------
| rollout/           |          |
|    ep_len_mean     | 46.3     |
|    ep_rew_mean     | -84.9    |
| time/              |          |
|    fps             | 491      |
|    iterations      | 14       |
|    time_elapsed    | 582      |
|    total_timesteps | 286720   |
---------------------------------
Eval num_timesteps=290000, episode_reward=-76.00 +/- 0.00
Episode length: 52.00 +/- 0.00
------------------------------------------
| eval/                   |              |
|    mean_ep_length       | 52           |
|    mean_reward          | -76          |
| time/                   |              |
|    total_timesteps      | 290000       |
| train/                  |              |
|    approx_kl            | 0.0088043865 |
|    clip_fraction        | 0.138        |
|    clip_range           | 0.2          |
|    entropy_loss         | -10.8        |
|    explained_variance   | 0            |
|    learning_rate        | 0.0003       |
|    loss                 | 141          |
|    n_updates            | 140          |
|    policy_gradient_loss | 0.0033       |
|    std                  | 0.934        |
|    value_loss           | 339          |
------------------------------------------
Eval num_timesteps=300000, episode_reward=-76.00 +/- 0.00
Episode length: 52.00 +/- 0.00
---------------------------------
| eval/              |          |
|    mean_ep_length  | 52       |
|    mean_reward     | -76      |
| time/              |          |
|    total_timesteps | 300000   |
---------------------------------
---------------------------------
| rollout/           |          |
|    ep_len_mean     | 48.2     |
|    ep_rew_mean     | -83.6    |
| time/              |          |
|    fps             | 491      |
|    iterations      | 15       |
|    time_elapsed    | 624      |
|    total_timesteps | 307200   |
---------------------------------
Eval num_timesteps=310000, episode_reward=-69.29 +/- 0.00
Episode length: 50.00 +/- 0.00
-----------------------------------------
| eval/                   |             |
|    mean_ep_length       | 50          |
|    mean_reward          | -69.3       |
| time/                   |             |
|    total_timesteps      | 310000      |
| train/                  |             |
|    approx_kl            | 0.012471145 |
|    clip_fraction        | 0.152       |
|    clip_range           | 0.2         |
|    entropy_loss         | -10.8       |
|    explained_variance   | 0           |
|    learning_rate        | 0.0003      |
|    loss                 | 165         |
|    n_updates            | 150         |
|    policy_gradient_loss | 0.00662     |
|    std                  | 0.93        |
|    value_loss           | 345         |
-----------------------------------------
Eval num_timesteps=320000, episode_reward=-69.29 +/- 0.00
Episode length: 50.00 +/- 0.00
---------------------------------
| eval/              |          |
|    mean_ep_length  | 50       |
|    mean_reward     | -69.3    |
| time/              |          |
|    total_timesteps | 320000   |
---------------------------------
---------------------------------
| rollout/           |          |
|    ep_len_mean     | 44.8     |
|    ep_rew_mean     | -82      |
| time/              |          |
|    fps             | 491      |
|    iterations      | 16       |
|    time_elapsed    | 667      |
|    total_timesteps | 327680   |
---------------------------------
Eval num_timesteps=330000, episode_reward=-67.82 +/- 0.00
Episode length: 50.00 +/- 0.00
-----------------------------------------
| eval/                   |             |
|    mean_ep_length       | 50          |
|    mean_reward          | -67.8       |
| time/                   |             |
|    total_timesteps      | 330000      |
| train/                  |             |
|    approx_kl            | 0.011121298 |
|    clip_fraction        | 0.148       |
|    clip_range           | 0.2         |
|    entropy_loss         | -10.7       |
|    explained_variance   | 0           |
|    learning_rate        | 0.0003      |
|    loss                 | 185         |
|    n_updates            | 160         |
|    policy_gradient_loss | 0.00365     |
|    std                  | 0.924       |
|    value_loss           | 352         |
-----------------------------------------
Eval num_timesteps=340000, episode_reward=-67.82 +/- 0.00
Episode length: 50.00 +/- 0.00
---------------------------------
| eval/              |          |
|    mean_ep_length  | 50       |
|    mean_reward     | -67.8    |
| time/              |          |
|    total_timesteps | 340000   |
---------------------------------
---------------------------------
| rollout/           |          |
|    ep_len_mean     | 45.8     |
|    ep_rew_mean     | -83.7    |
| time/              |          |
|    fps             | 491      |
|    iterations      | 17       |
|    time_elapsed    | 709      |
|    total_timesteps | 348160   |
---------------------------------
Eval num_timesteps=350000, episode_reward=-82.55 +/- 0.00
Episode length: 50.00 +/- 0.00
-----------------------------------------
| eval/                   |             |
|    mean_ep_length       | 50          |
|    mean_reward          | -82.6       |
| time/                   |             |
|    total_timesteps      | 350000      |
| train/                  |             |
|    approx_kl            | 0.012624952 |
|    clip_fraction        | 0.143       |
|    clip_range           | 0.2         |
|    entropy_loss         | -10.7       |
|    explained_variance   | 0           |
|    learning_rate        | 0.0003      |
|    loss                 | 173         |
|    n_updates            | 170         |
|    policy_gradient_loss | 0.00476     |
|    std                  | 0.918       |
|    value_loss           | 355         |
-----------------------------------------
Eval num_timesteps=360000, episode_reward=-82.55 +/- 0.00
Episode length: 50.00 +/- 0.00
---------------------------------
| eval/              |          |
|    mean_ep_length  | 50       |
|    mean_reward     | -82.6    |
| time/              |          |
|    total_timesteps | 360000   |
---------------------------------
---------------------------------
| rollout/           |          |
|    ep_len_mean     | 44.5     |
|    ep_rew_mean     | -86.4    |
| time/              |          |
|    fps             | 489      |
|    iterations      | 18       |
|    time_elapsed    | 752      |
|    total_timesteps | 368640   |
---------------------------------
Eval num_timesteps=370000, episode_reward=-86.95 +/- 0.00
Episode length: 50.00 +/- 0.00
-----------------------------------------
| eval/                   |             |
|    mean_ep_length       | 50          |
|    mean_reward          | -86.9       |
| time/                   |             |
|    total_timesteps      | 370000      |
| train/                  |             |
|    approx_kl            | 0.014548448 |
|    clip_fraction        | 0.166       |
|    clip_range           | 0.2         |
|    entropy_loss         | -10.6       |
|    explained_variance   | 0           |
|    learning_rate        | 0.0003      |
|    loss                 | 135         |
|    n_updates            | 180         |
|    policy_gradient_loss | 0.00392     |
|    std                  | 0.914       |
|    value_loss           | 330         |
-----------------------------------------
Eval num_timesteps=380000, episode_reward=-86.95 +/- 0.00
Episode length: 50.00 +/- 0.00
---------------------------------
| eval/              |          |
|    mean_ep_length  | 50       |
|    mean_reward     | -86.9    |
| time/              |          |
|    total_timesteps | 380000   |
---------------------------------
---------------------------------
| rollout/           |          |
|    ep_len_mean     | 44.1     |
|    ep_rew_mean     | -89.4    |
| time/              |          |
|    fps             | 488      |
|    iterations      | 19       |
|    time_elapsed    | 796      |
|    total_timesteps | 389120   |
---------------------------------
Eval num_timesteps=390000, episode_reward=-72.22 +/- 0.00
Episode length: 52.00 +/- 0.00
----------------------------------------
| eval/                   |            |
|    mean_ep_length       | 52         |
|    mean_reward          | -72.2      |
| time/                   |            |
|    total_timesteps      | 390000     |
| train/                  |            |
|    approx_kl            | 0.01225888 |
|    clip_fraction        | 0.145      |
|    clip_range           | 0.2        |
|    entropy_loss         | -10.6      |
|    explained_variance   | 0          |
|    learning_rate        | 0.0003     |
|    loss                 | 179        |
|    n_updates            | 190        |
|    policy_gradient_loss | 0.00299    |
|    std                  | 0.911      |
|    value_loss           | 322        |
----------------------------------------
Eval num_timesteps=400000, episode_reward=-72.22 +/- 0.00
Episode length: 52.00 +/- 0.00
---------------------------------
| eval/              |          |
|    mean_ep_length  | 52       |
|    mean_reward     | -72.2    |
| time/              |          |
|    total_timesteps | 400000   |
---------------------------------
---------------------------------
| rollout/           |          |
|    ep_len_mean     | 47.7     |
|    ep_rew_mean     | -85.2    |
| time/              |          |
|    fps             | 488      |
|    iterations      | 20       |
|    time_elapsed    | 839      |
|    total_timesteps | 409600   |
---------------------------------
Eval num_timesteps=410000, episode_reward=-72.19 +/- 0.00
Episode length: 52.00 +/- 0.00
-----------------------------------------
| eval/                   |             |
|    mean_ep_length       | 52          |
|    mean_reward          | -72.2       |
| time/                   |             |
|    total_timesteps      | 410000      |
| train/                  |             |
|    approx_kl            | 0.016356815 |
|    clip_fraction        | 0.152       |
|    clip_range           | 0.2         |
|    entropy_loss         | -10.6       |
|    explained_variance   | 5.96e-08    |
|    learning_rate        | 0.0003      |
|    loss                 | 184         |
|    n_updates            | 200         |
|    policy_gradient_loss | 0.0052      |
|    std                  | 0.909       |
|    value_loss           | 347         |
-----------------------------------------
Eval num_timesteps=420000, episode_reward=-72.19 +/- 0.00
Episode length: 52.00 +/- 0.00
---------------------------------
| eval/              |          |
|    mean_ep_length  | 52       |
|    mean_reward     | -72.2    |
| time/              |          |
|    total_timesteps | 420000   |
---------------------------------
Eval num_timesteps=430000, episode_reward=-72.19 +/- 0.00
Episode length: 52.00 +/- 0.00
---------------------------------
| eval/              |          |
|    mean_ep_length  | 52       |
|    mean_reward     | -72.2    |
| time/              |          |
|    total_timesteps | 430000   |
---------------------------------
---------------------------------
| rollout/           |          |
|    ep_len_mean     | 46.9     |
|    ep_rew_mean     | -83.7    |
| time/              |          |
|    fps             | 487      |
|    iterations      | 21       |
|    time_elapsed    | 882      |
|    total_timesteps | 430080   |
---------------------------------
Eval num_timesteps=440000, episode_reward=-69.34 +/- 0.00
Episode length: 55.00 +/- 0.00
-----------------------------------------
| eval/                   |             |
|    mean_ep_length       | 55          |
|    mean_reward          | -69.3       |
| time/                   |             |
|    total_timesteps      | 440000      |
| train/                  |             |
|    approx_kl            | 0.012754845 |
|    clip_fraction        | 0.139       |
|    clip_range           | 0.2         |
|    entropy_loss         | -10.6       |
|    explained_variance   | 0           |
|    learning_rate        | 0.0003      |
|    loss                 | 187         |
|    n_updates            | 210         |
|    policy_gradient_loss | 0.00465     |
|    std                  | 0.909       |
|    value_loss           | 356         |
-----------------------------------------
Eval num_timesteps=450000, episode_reward=-69.34 +/- 0.00
Episode length: 55.00 +/- 0.00
---------------------------------
| eval/              |          |
|    mean_ep_length  | 55       |
|    mean_reward     | -69.3    |
| time/              |          |
|    total_timesteps | 450000   |
---------------------------------
---------------------------------
| rollout/           |          |
|    ep_len_mean     | 49.6     |
|    ep_rew_mean     | -83.8    |
| time/              |          |
|    fps             | 486      |
|    iterations      | 22       |
|    time_elapsed    | 925      |
|    total_timesteps | 450560   |
---------------------------------
Eval num_timesteps=460000, episode_reward=-68.55 +/- 0.00
Episode length: 55.00 +/- 0.00
-----------------------------------------
| eval/                   |             |
|    mean_ep_length       | 55          |
|    mean_reward          | -68.5       |
| time/                   |             |
|    total_timesteps      | 460000      |
| train/                  |             |
|    approx_kl            | 0.016391193 |
|    clip_fraction        | 0.152       |
|    clip_range           | 0.2         |
|    entropy_loss         | -10.6       |
|    explained_variance   | 0           |
|    learning_rate        | 0.0003      |
|    loss                 | 166         |
|    n_updates            | 220         |
|    policy_gradient_loss | 0.00564     |
|    std                  | 0.906       |
|    value_loss           | 373         |
-----------------------------------------
Eval num_timesteps=470000, episode_reward=-68.55 +/- 0.00
Episode length: 55.00 +/- 0.00
---------------------------------
| eval/              |          |
|    mean_ep_length  | 55       |
|    mean_reward     | -68.5    |
| time/              |          |
|    total_timesteps | 470000   |
---------------------------------
---------------------------------
| rollout/           |          |
|    ep_len_mean     | 49.6     |
|    ep_rew_mean     | -82.3    |
| time/              |          |
|    fps             | 486      |
|    iterations      | 23       |
|    time_elapsed    | 967      |
|    total_timesteps | 471040   |
---------------------------------
Eval num_timesteps=480000, episode_reward=-81.92 +/- 0.00
Episode length: 53.00 +/- 0.00
-----------------------------------------
| eval/                   |             |
|    mean_ep_length       | 53          |
|    mean_reward          | -81.9       |
| time/                   |             |
|    total_timesteps      | 480000      |
| train/                  |             |
|    approx_kl            | 0.011868652 |
|    clip_fraction        | 0.154       |
|    clip_range           | 0.2         |
|    entropy_loss         | -10.6       |
|    explained_variance   | 0           |
|    learning_rate        | 0.0003      |
|    loss                 | 234         |
|    n_updates            | 230         |
|    policy_gradient_loss | 0.0049      |
|    std                  | 0.913       |
|    value_loss           | 380         |
-----------------------------------------
Eval num_timesteps=490000, episode_reward=-81.92 +/- 0.00
Episode length: 53.00 +/- 0.00
---------------------------------
| eval/              |          |
|    mean_ep_length  | 53       |
|    mean_reward     | -81.9    |
| time/              |          |
|    total_timesteps | 490000   |
---------------------------------
---------------------------------
| rollout/           |          |
|    ep_len_mean     | 45.9     |
|    ep_rew_mean     | -85.8    |
| time/              |          |
|    fps             | 484      |
|    iterations      | 24       |
|    time_elapsed    | 1014     |
|    total_timesteps | 491520   |
---------------------------------
Eval num_timesteps=500000, episode_reward=-72.01 +/- 0.00
Episode length: 57.00 +/- 0.00
-----------------------------------------
| eval/                   |             |
|    mean_ep_length       | 57          |
|    mean_reward          | -72         |
| time/                   |             |
|    total_timesteps      | 500000      |
| train/                  |             |
|    approx_kl            | 0.014102688 |
|    clip_fraction        | 0.151       |
|    clip_range           | 0.2         |
|    entropy_loss         | -10.6       |
|    explained_variance   | 0           |
|    learning_rate        | 0.0003      |
|    loss                 | 146         |
|    n_updates            | 240         |
|    policy_gradient_loss | 0.00324     |
|    std                  | 0.911       |
|    value_loss           | 362         |
-----------------------------------------
Eval num_timesteps=510000, episode_reward=-72.01 +/- 0.00
Episode length: 57.00 +/- 0.00
---------------------------------
| eval/              |          |
|    mean_ep_length  | 57       |
|    mean_reward     | -72      |
| time/              |          |
|    total_timesteps | 510000   |
---------------------------------
---------------------------------
| rollout/           |          |
|    ep_len_mean     | 51.9     |
|    ep_rew_mean     | -82.6    |
| time/              |          |
|    fps             | 484      |
|    iterations      | 25       |
|    time_elapsed    | 1056     |
|    total_timesteps | 512000   |
---------------------------------
Eval num_timesteps=520000, episode_reward=-74.86 +/- 0.00
Episode length: 60.00 +/- 0.00
-----------------------------------------
| eval/                   |             |
|    mean_ep_length       | 60          |
|    mean_reward          | -74.9       |
| time/                   |             |
|    total_timesteps      | 520000      |
| train/                  |             |
|    approx_kl            | 0.012453009 |
|    clip_fraction        | 0.133       |
|    clip_range           | 0.2         |
|    entropy_loss         | -10.6       |
|    explained_variance   | 0           |
|    learning_rate        | 0.0003      |
|    loss                 | 190         |
|    n_updates            | 250         |
|    policy_gradient_loss | 0.003       |
|    std                  | 0.908       |
|    value_loss           | 377         |
-----------------------------------------
Eval num_timesteps=530000, episode_reward=-74.86 +/- 0.00
Episode length: 60.00 +/- 0.00
---------------------------------
| eval/              |          |
|    mean_ep_length  | 60       |
|    mean_reward     | -74.9    |
| time/              |          |
|    total_timesteps | 530000   |
---------------------------------
---------------------------------
| rollout/           |          |
|    ep_len_mean     | 53.8     |
|    ep_rew_mean     | -83.1    |
| time/              |          |
|    fps             | 484      |
|    iterations      | 26       |
|    time_elapsed    | 1099     |
|    total_timesteps | 532480   |
---------------------------------
Eval num_timesteps=540000, episode_reward=-71.73 +/- 0.00
Episode length: 61.00 +/- 0.00
-----------------------------------------
| eval/                   |             |
|    mean_ep_length       | 61          |
|    mean_reward          | -71.7       |
| time/                   |             |
|    total_timesteps      | 540000      |
| train/                  |             |
|    approx_kl            | 0.012209791 |
|    clip_fraction        | 0.142       |
|    clip_range           | 0.2         |
|    entropy_loss         | -10.5       |
|    explained_variance   | 5.96e-08    |
|    learning_rate        | 0.0003      |
|    loss                 | 213         |
|    n_updates            | 260         |
|    policy_gradient_loss | 0.00369     |
|    std                  | 0.905       |
|    value_loss           | 391         |
-----------------------------------------
Eval num_timesteps=550000, episode_reward=-71.73 +/- 0.00
Episode length: 61.00 +/- 0.00
---------------------------------
| eval/              |          |
|    mean_ep_length  | 61       |
|    mean_reward     | -71.7    |
| time/              |          |
|    total_timesteps | 550000   |
---------------------------------
---------------------------------
| rollout/           |          |
|    ep_len_mean     | 55       |
|    ep_rew_mean     | -82.1    |
| time/              |          |
|    fps             | 484      |
|    iterations      | 27       |
|    time_elapsed    | 1141     |
|    total_timesteps | 552960   |
---------------------------------
Eval num_timesteps=560000, episode_reward=-76.72 +/- 0.00
Episode length: 65.00 +/- 0.00
-----------------------------------------
| eval/                   |             |
|    mean_ep_length       | 65          |
|    mean_reward          | -76.7       |
| time/                   |             |
|    total_timesteps      | 560000      |
| train/                  |             |
|    approx_kl            | 0.014195921 |
|    clip_fraction        | 0.153       |
|    clip_range           | 0.2         |
|    entropy_loss         | -10.5       |
|    explained_variance   | 0           |
|    learning_rate        | 0.0003      |
|    loss                 | 184         |
|    n_updates            | 270         |
|    policy_gradient_loss | 0.00519     |
|    std                  | 0.897       |
|    value_loss           | 409         |
-----------------------------------------
Eval num_timesteps=570000, episode_reward=-76.72 +/- 0.00
Episode length: 65.00 +/- 0.00
---------------------------------
| eval/              |          |
|    mean_ep_length  | 65       |
|    mean_reward     | -76.7    |
| time/              |          |
|    total_timesteps | 570000   |
---------------------------------
---------------------------------
| rollout/           |          |
|    ep_len_mean     | 58.9     |
|    ep_rew_mean     | -82.5    |
| time/              |          |
|    fps             | 483      |
|    iterations      | 28       |
|    time_elapsed    | 1185     |
|    total_timesteps | 573440   |
---------------------------------
Eval num_timesteps=580000, episode_reward=-77.36 +/- 0.00
Episode length: 68.00 +/- 0.00
-----------------------------------------
| eval/                   |             |
|    mean_ep_length       | 68          |
|    mean_reward          | -77.4       |
| time/                   |             |
|    total_timesteps      | 580000      |
| train/                  |             |
|    approx_kl            | 0.015425148 |
|    clip_fraction        | 0.166       |
|    clip_range           | 0.2         |
|    entropy_loss         | -10.4       |
|    explained_variance   | 0           |
|    learning_rate        | 0.0003      |
|    loss                 | 183         |
|    n_updates            | 280         |
|    policy_gradient_loss | 0.00752     |
|    std                  | 0.894       |
|    value_loss           | 413         |
-----------------------------------------
Eval num_timesteps=590000, episode_reward=-77.36 +/- 0.00
Episode length: 68.00 +/- 0.00
---------------------------------
| eval/              |          |
|    mean_ep_length  | 68       |
|    mean_reward     | -77.4    |
| time/              |          |
|    total_timesteps | 590000   |
---------------------------------
---------------------------------
| rollout/           |          |
|    ep_len_mean     | 63.2     |
|    ep_rew_mean     | -86.1    |
| time/              |          |
|    fps             | 483      |
|    iterations      | 29       |
|    time_elapsed    | 1229     |
|    total_timesteps | 593920   |
---------------------------------
Eval num_timesteps=600000, episode_reward=-70.55 +/- 0.00
Episode length: 67.00 +/- 0.00
-----------------------------------------
| eval/                   |             |
|    mean_ep_length       | 67          |
|    mean_reward          | -70.5       |
| time/                   |             |
|    total_timesteps      | 600000      |
| train/                  |             |
|    approx_kl            | 0.013228041 |
|    clip_fraction        | 0.156       |
|    clip_range           | 0.2         |
|    entropy_loss         | -10.4       |
|    explained_variance   | 0           |
|    learning_rate        | 0.0003      |
|    loss                 | 214         |
|    n_updates            | 290         |
|    policy_gradient_loss | 0.00623     |
|    std                  | 0.889       |
|    value_loss           | 419         |
-----------------------------------------
Eval num_timesteps=610000, episode_reward=-70.55 +/- 0.00
Episode length: 67.00 +/- 0.00
---------------------------------
| eval/              |          |
|    mean_ep_length  | 67       |
|    mean_reward     | -70.5    |
| time/              |          |
|    total_timesteps | 610000   |
---------------------------------
---------------------------------
| rollout/           |          |
|    ep_len_mean     | 63.8     |
|    ep_rew_mean     | -84.7    |
| time/              |          |
|    fps             | 482      |
|    iterations      | 30       |
|    time_elapsed    | 1273     |
|    total_timesteps | 614400   |
---------------------------------
Eval num_timesteps=620000, episode_reward=-69.14 +/- 0.00
Episode length: 66.00 +/- 0.00
-----------------------------------------
| eval/                   |             |
|    mean_ep_length       | 66          |
|    mean_reward          | -69.1       |
| time/                   |             |
|    total_timesteps      | 620000      |
| train/                  |             |
|    approx_kl            | 0.017853087 |
|    clip_fraction        | 0.176       |
|    clip_range           | 0.2         |
|    entropy_loss         | -10.4       |
|    explained_variance   | 0           |
|    learning_rate        | 0.0003      |
|    loss                 | 239         |
|    n_updates            | 300         |
|    policy_gradient_loss | 0.00668     |
|    std                  | 0.889       |
|    value_loss           | 438         |
-----------------------------------------
Eval num_timesteps=630000, episode_reward=-69.14 +/- 0.00
Episode length: 66.00 +/- 0.00
---------------------------------
| eval/              |          |
|    mean_ep_length  | 66       |
|    mean_reward     | -69.1    |
| time/              |          |
|    total_timesteps | 630000   |
---------------------------------
---------------------------------
| rollout/           |          |
|    ep_len_mean     | 59.5     |
|    ep_rew_mean     | -87.8    |
| time/              |          |
|    fps             | 482      |
|    iterations      | 31       |
|    time_elapsed    | 1316     |
|    total_timesteps | 634880   |
---------------------------------
Eval num_timesteps=640000, episode_reward=-70.72 +/- 0.00
Episode length: 68.00 +/- 0.00
-----------------------------------------
| eval/                   |             |
|    mean_ep_length       | 68          |
|    mean_reward          | -70.7       |
| time/                   |             |
|    total_timesteps      | 640000      |
| train/                  |             |
|    approx_kl            | 0.013168867 |
|    clip_fraction        | 0.162       |
|    clip_range           | 0.2         |
|    entropy_loss         | -10.4       |
|    explained_variance   | 0           |
|    learning_rate        | 0.0003      |
|    loss                 | 225         |
|    n_updates            | 310         |
|    policy_gradient_loss | 0.00518     |
|    std                  | 0.886       |
|    value_loss           | 446         |
-----------------------------------------
Eval num_timesteps=650000, episode_reward=-70.72 +/- 0.00
Episode length: 68.00 +/- 0.00
---------------------------------
| eval/              |          |
|    mean_ep_length  | 68       |
|    mean_reward     | -70.7    |
| time/              |          |
|    total_timesteps | 650000   |
---------------------------------
---------------------------------
| rollout/           |          |
|    ep_len_mean     | 60.3     |
|    ep_rew_mean     | -84      |
| time/              |          |
|    fps             | 481      |
|    iterations      | 32       |
|    time_elapsed    | 1359     |
|    total_timesteps | 655360   |
---------------------------------
Eval num_timesteps=660000, episode_reward=-68.68 +/- 0.00
Episode length: 70.00 +/- 0.00
-----------------------------------------
| eval/                   |             |
|    mean_ep_length       | 70          |
|    mean_reward          | -68.7       |
| time/                   |             |
|    total_timesteps      | 660000      |
| train/                  |             |
|    approx_kl            | 0.012106834 |
|    clip_fraction        | 0.154       |
|    clip_range           | 0.2         |
|    entropy_loss         | -10.3       |
|    explained_variance   | 0           |
|    learning_rate        | 0.0003      |
|    loss                 | 226         |
|    n_updates            | 320         |
|    policy_gradient_loss | 0.00518     |
|    std                  | 0.881       |
|    value_loss           | 432         |
-----------------------------------------
Eval num_timesteps=670000, episode_reward=-68.68 +/- 0.00
Episode length: 70.00 +/- 0.00
---------------------------------
| eval/              |          |
|    mean_ep_length  | 70       |
|    mean_reward     | -68.7    |
| time/              |          |
|    total_timesteps | 670000   |
---------------------------------
---------------------------------
| rollout/           |          |
|    ep_len_mean     | 62.5     |
|    ep_rew_mean     | -82.4    |
| time/              |          |
|    fps             | 481      |
|    iterations      | 33       |
|    time_elapsed    | 1403     |
|    total_timesteps | 675840   |
---------------------------------
Eval num_timesteps=680000, episode_reward=3.90 +/- 0.00
Episode length: 199.00 +/- 0.00
-----------------------------------------
| eval/                   |             |
|    mean_ep_length       | 199         |
|    mean_reward          | 3.9         |
| time/                   |             |
|    total_timesteps      | 680000      |
| train/                  |             |
|    approx_kl            | 0.012678293 |
|    clip_fraction        | 0.147       |
|    clip_range           | 0.2         |
|    entropy_loss         | -10.3       |
|    explained_variance   | 0           |
|    learning_rate        | 0.0003      |
|    loss                 | 238         |
|    n_updates            | 330         |
|    policy_gradient_loss | 0.00535     |
|    std                  | 0.881       |
|    value_loss           | 436         |
-----------------------------------------
New best mean reward!
Eval num_timesteps=690000, episode_reward=3.90 +/- 0.00
Episode length: 199.00 +/- 0.00
---------------------------------
| eval/              |          |
|    mean_ep_length  | 199      |
|    mean_reward     | 3.9      |
| time/              |          |
|    total_timesteps | 690000   |
---------------------------------
---------------------------------
| rollout/           |          |
|    ep_len_mean     | 74.2     |
|    ep_rew_mean     | -75.5    |
| time/              |          |
|    fps             | 480      |
|    iterations      | 34       |
|    time_elapsed    | 1447     |
|    total_timesteps | 696320   |
---------------------------------
Eval num_timesteps=700000, episode_reward=59.06 +/- 0.00
Episode length: 199.00 +/- 0.00
-----------------------------------------
| eval/                   |             |
|    mean_ep_length       | 199         |
|    mean_reward          | 59.1        |
| time/                   |             |
|    total_timesteps      | 700000      |
| train/                  |             |
|    approx_kl            | 0.015927816 |
|    clip_fraction        | 0.17        |
|    clip_range           | 0.2         |
|    entropy_loss         | -10.3       |
|    explained_variance   | 5.96e-08    |
|    learning_rate        | 0.0003      |
|    loss                 | 161         |
|    n_updates            | 340         |
|    policy_gradient_loss | 0.00442     |
|    std                  | 0.883       |
|    value_loss           | 407         |
-----------------------------------------
New best mean reward!
Eval num_timesteps=710000, episode_reward=59.06 +/- 0.00
Episode length: 199.00 +/- 0.00
---------------------------------
| eval/              |          |
|    mean_ep_length  | 199      |
|    mean_reward     | 59.1     |
| time/              |          |
|    total_timesteps | 710000   |
---------------------------------
---------------------------------
| rollout/           |          |
|    ep_len_mean     | 93       |
|    ep_rew_mean     | -64.5    |
| time/              |          |
|    fps             | 479      |
|    iterations      | 35       |
|    time_elapsed    | 1493     |
|    total_timesteps | 716800   |
---------------------------------
Eval num_timesteps=720000, episode_reward=119.20 +/- 0.00
Episode length: 199.00 +/- 0.00
-----------------------------------------
| eval/                   |             |
|    mean_ep_length       | 199         |
|    mean_reward          | 119         |
| time/                   |             |
|    total_timesteps      | 720000      |
| train/                  |             |
|    approx_kl            | 0.016544502 |
|    clip_fraction        | 0.162       |
|    clip_range           | 0.2         |
|    entropy_loss         | -10.3       |
|    explained_variance   | 0           |
|    learning_rate        | 0.0003      |
|    loss                 | 175         |
|    n_updates            | 350         |
|    policy_gradient_loss | 0.00253     |
|    std                  | 0.882       |
|    value_loss           | 370         |
-----------------------------------------
New best mean reward!
Eval num_timesteps=730000, episode_reward=119.20 +/- 0.00
Episode length: 199.00 +/- 0.00
---------------------------------
| eval/              |          |
|    mean_ep_length  | 199      |
|    mean_reward     | 119      |
| time/              |          |
|    total_timesteps | 730000   |
---------------------------------
---------------------------------
| rollout/           |          |
|    ep_len_mean     | 145      |
|    ep_rew_mean     | -3.89    |
| time/              |          |
|    fps             | 478      |
|    iterations      | 36       |
|    time_elapsed    | 1540     |
|    total_timesteps | 737280   |
---------------------------------
Eval num_timesteps=740000, episode_reward=159.25 +/- 0.00
Episode length: 199.00 +/- 0.00
-----------------------------------------
| eval/                   |             |
|    mean_ep_length       | 199         |
|    mean_reward          | 159         |
| time/                   |             |
|    total_timesteps      | 740000      |
| train/                  |             |
|    approx_kl            | 0.013072784 |
|    clip_fraction        | 0.183       |
|    clip_range           | 0.2         |
|    entropy_loss         | -10.3       |
|    explained_variance   | 1.19e-07    |
|    learning_rate        | 0.0003      |
|    loss                 | 146         |
|    n_updates            | 360         |
|    policy_gradient_loss | 0.000854    |
|    std                  | 0.879       |
|    value_loss           | 254         |
-----------------------------------------
New best mean reward!
Eval num_timesteps=750000, episode_reward=159.25 +/- 0.00
Episode length: 199.00 +/- 0.00
---------------------------------
| eval/              |          |
|    mean_ep_length  | 199      |
|    mean_reward     | 159      |
| time/              |          |
|    total_timesteps | 750000   |
---------------------------------
---------------------------------
| rollout/           |          |
|    ep_len_mean     | 162      |
|    ep_rew_mean     | 21.3     |
| time/              |          |
|    fps             | 478      |
|    iterations      | 37       |
|    time_elapsed    | 1584     |
|    total_timesteps | 757760   |
---------------------------------
Eval num_timesteps=760000, episode_reward=170.55 +/- 0.00
Episode length: 199.00 +/- 0.00
----------------------------------------
| eval/                   |            |
|    mean_ep_length       | 199        |
|    mean_reward          | 171        |
| time/                   |            |
|    total_timesteps      | 760000     |
| train/                  |            |
|    approx_kl            | 0.01823217 |
|    clip_fraction        | 0.192      |
|    clip_range           | 0.2        |
|    entropy_loss         | -10.3      |
|    explained_variance   | 0          |
|    learning_rate        | 0.0003     |
|    loss                 | 149        |
|    n_updates            | 370        |
|    policy_gradient_loss | 0.00202    |
|    std                  | 0.878      |
|    value_loss           | 247        |
----------------------------------------
New best mean reward!
Eval num_timesteps=770000, episode_reward=170.55 +/- 0.00
Episode length: 199.00 +/- 0.00
---------------------------------
| eval/              |          |
|    mean_ep_length  | 199      |
|    mean_reward     | 171      |
| time/              |          |
|    total_timesteps | 770000   |
---------------------------------
---------------------------------
| rollout/           |          |
|    ep_len_mean     | 169      |
|    ep_rew_mean     | 43.2     |
| time/              |          |
|    fps             | 477      |
|    iterations      | 38       |
|    time_elapsed    | 1629     |
|    total_timesteps | 778240   |
---------------------------------
Eval num_timesteps=780000, episode_reward=194.47 +/- 0.00
Episode length: 199.00 +/- 0.00
-----------------------------------------
| eval/                   |             |
|    mean_ep_length       | 199         |
|    mean_reward          | 194         |
| time/                   |             |
|    total_timesteps      | 780000      |
| train/                  |             |
|    approx_kl            | 0.017913532 |
|    clip_fraction        | 0.172       |
|    clip_range           | 0.2         |
|    entropy_loss         | -10.3       |
|    explained_variance   | 0           |
|    learning_rate        | 0.0003      |
|    loss                 | 153         |
|    n_updates            | 380         |
|    policy_gradient_loss | 0.00321     |
|    std                  | 0.872       |
|    value_loss           | 229         |
-----------------------------------------
New best mean reward!
Eval num_timesteps=790000, episode_reward=194.47 +/- 0.00
Episode length: 199.00 +/- 0.00
---------------------------------
| eval/              |          |
|    mean_ep_length  | 199      |
|    mean_reward     | 194      |
| time/              |          |
|    total_timesteps | 790000   |
---------------------------------
---------------------------------
| rollout/           |          |
|    ep_len_mean     | 188      |
|    ep_rew_mean     | 95.9     |
| time/              |          |
|    fps             | 477      |
|    iterations      | 39       |
|    time_elapsed    | 1673     |
|    total_timesteps | 798720   |
---------------------------------
Eval num_timesteps=800000, episode_reward=208.67 +/- 0.00
Episode length: 199.00 +/- 0.00
-----------------------------------------
| eval/                   |             |
|    mean_ep_length       | 199         |
|    mean_reward          | 209         |
| time/                   |             |
|    total_timesteps      | 800000      |
| train/                  |             |
|    approx_kl            | 0.019237598 |
|    clip_fraction        | 0.177       |
|    clip_range           | 0.2         |
|    entropy_loss         | -10.2       |
|    explained_variance   | 0           |
|    learning_rate        | 0.0003      |
|    loss                 | 71.5        |
|    n_updates            | 390         |
|    policy_gradient_loss | 0.0016      |
|    std                  | 0.87        |
|    value_loss           | 155         |
-----------------------------------------
New best mean reward!
Eval num_timesteps=810000, episode_reward=208.67 +/- 0.00
Episode length: 199.00 +/- 0.00
---------------------------------
| eval/              |          |
|    mean_ep_length  | 199      |
|    mean_reward     | 209      |
| time/              |          |
|    total_timesteps | 810000   |
---------------------------------
---------------------------------
| rollout/           |          |
|    ep_len_mean     | 196      |
|    ep_rew_mean     | 146      |
| time/              |          |
|    fps             | 476      |
|    iterations      | 40       |
|    time_elapsed    | 1718     |
|    total_timesteps | 819200   |
---------------------------------
Eval num_timesteps=820000, episode_reward=224.38 +/- 0.00
Episode length: 199.00 +/- 0.00
-----------------------------------------
| eval/                   |             |
|    mean_ep_length       | 199         |
|    mean_reward          | 224         |
| time/                   |             |
|    total_timesteps      | 820000      |
| train/                  |             |
|    approx_kl            | 0.020077607 |
|    clip_fraction        | 0.192       |
|    clip_range           | 0.2         |
|    entropy_loss         | -10.2       |
|    explained_variance   | 1.19e-07    |
|    learning_rate        | 0.0003      |
|    loss                 | 33          |
|    n_updates            | 400         |
|    policy_gradient_loss | -0.00189    |
|    std                  | 0.867       |
|    value_loss           | 92.5        |
-----------------------------------------
New best mean reward!
Eval num_timesteps=830000, episode_reward=224.38 +/- 0.00
Episode length: 199.00 +/- 0.00
---------------------------------
| eval/              |          |
|    mean_ep_length  | 199      |
|    mean_reward     | 224      |
| time/              |          |
|    total_timesteps | 830000   |
---------------------------------
---------------------------------
| rollout/           |          |
|    ep_len_mean     | 199      |
|    ep_rew_mean     | 176      |
| time/              |          |
|    fps             | 475      |
|    iterations      | 41       |
|    time_elapsed    | 1764     |
|    total_timesteps | 839680   |
---------------------------------
Eval num_timesteps=840000, episode_reward=238.69 +/- 0.00
Episode length: 199.00 +/- 0.00
-----------------------------------------
| eval/                   |             |
|    mean_ep_length       | 199         |
|    mean_reward          | 239         |
| time/                   |             |
|    total_timesteps      | 840000      |
| train/                  |             |
|    approx_kl            | 0.020458372 |
|    clip_fraction        | 0.201       |
|    clip_range           | 0.2         |
|    entropy_loss         | -10.2       |
|    explained_variance   | 5.96e-08    |
|    learning_rate        | 0.0003      |
|    loss                 | 24          |
|    n_updates            | 410         |
|    policy_gradient_loss | -0.000608   |
|    std                  | 0.861       |
|    value_loss           | 61.6        |
-----------------------------------------
New best mean reward!
Eval num_timesteps=850000, episode_reward=238.69 +/- 0.00
Episode length: 199.00 +/- 0.00
---------------------------------
| eval/              |          |
|    mean_ep_length  | 199      |
|    mean_reward     | 239      |
| time/              |          |
|    total_timesteps | 850000   |
---------------------------------
Eval num_timesteps=860000, episode_reward=238.69 +/- 0.00
Episode length: 199.00 +/- 0.00
---------------------------------
| eval/              |          |
|    mean_ep_length  | 199      |
|    mean_reward     | 239      |
| time/              |          |
|    total_timesteps | 860000   |
---------------------------------
---------------------------------
| rollout/           |          |
|    ep_len_mean     | 199      |
|    ep_rew_mean     | 196      |
| time/              |          |
|    fps             | 474      |
|    iterations      | 42       |
|    time_elapsed    | 1811     |
|    total_timesteps | 860160   |
---------------------------------
Eval num_timesteps=870000, episode_reward=282.45 +/- 0.00
Episode length: 199.00 +/- 0.00
----------------------------------------
| eval/                   |            |
|    mean_ep_length       | 199        |
|    mean_reward          | 282        |
| time/                   |            |
|    total_timesteps      | 870000     |
| train/                  |            |
|    approx_kl            | 0.01880776 |
|    clip_fraction        | 0.194      |
|    clip_range           | 0.2        |
|    entropy_loss         | -10.1      |
|    explained_variance   | 0          |
|    learning_rate        | 0.0003     |
|    loss                 | 16.7       |
|    n_updates            | 420        |
|    policy_gradient_loss | -0.000469  |
|    std                  | 0.861      |
|    value_loss           | 51.2       |
----------------------------------------
New best mean reward!
Eval num_timesteps=880000, episode_reward=282.45 +/- 0.00
Episode length: 199.00 +/- 0.00
---------------------------------
| eval/              |          |
|    mean_ep_length  | 199      |
|    mean_reward     | 282      |
| time/              |          |
|    total_timesteps | 880000   |
---------------------------------
---------------------------------
| rollout/           |          |
|    ep_len_mean     | 199      |
|    ep_rew_mean     | 221      |
| time/              |          |
|    fps             | 474      |
|    iterations      | 43       |
|    time_elapsed    | 1856     |
|    total_timesteps | 880640   |
---------------------------------
Eval num_timesteps=890000, episode_reward=304.55 +/- 0.00
Episode length: 199.00 +/- 0.00
----------------------------------------
| eval/                   |            |
|    mean_ep_length       | 199        |
|    mean_reward          | 305        |
| time/                   |            |
|    total_timesteps      | 890000     |
| train/                  |            |
|    approx_kl            | 0.02105705 |
|    clip_fraction        | 0.199      |
|    clip_range           | 0.2        |
|    entropy_loss         | -10.1      |
|    explained_variance   | 0          |
|    learning_rate        | 0.0003     |
|    loss                 | 10.7       |
|    n_updates            | 430        |
|    policy_gradient_loss | 0.000717   |
|    std                  | 0.856      |
|    value_loss           | 37         |
----------------------------------------
New best mean reward!
Eval num_timesteps=900000, episode_reward=304.55 +/- 0.00
Episode length: 199.00 +/- 0.00
---------------------------------
| eval/              |          |
|    mean_ep_length  | 199      |
|    mean_reward     | 305      |
| time/              |          |
|    total_timesteps | 900000   |
---------------------------------
---------------------------------
| rollout/           |          |
|    ep_len_mean     | 199      |
|    ep_rew_mean     | 242      |
| time/              |          |
|    fps             | 473      |
|    iterations      | 44       |
|    time_elapsed    | 1903     |
|    total_timesteps | 901120   |
---------------------------------
Eval num_timesteps=910000, episode_reward=268.76 +/- 0.00
Episode length: 199.00 +/- 0.00
---------------------------------------
| eval/                   |           |
|    mean_ep_length       | 199       |
|    mean_reward          | 269       |
| time/                   |           |
|    total_timesteps      | 910000    |
| train/                  |           |
|    approx_kl            | 0.0296324 |
|    clip_fraction        | 0.213     |
|    clip_range           | 0.2       |
|    entropy_loss         | -10       |
|    explained_variance   | 0         |
|    learning_rate        | 0.0003    |
|    loss                 | 14        |
|    n_updates            | 440       |
|    policy_gradient_loss | 0.00241   |
|    std                  | 0.848     |
|    value_loss           | 32        |
---------------------------------------
Eval num_timesteps=920000, episode_reward=268.76 +/- 0.00
Episode length: 199.00 +/- 0.00
---------------------------------
| eval/              |          |
|    mean_ep_length  | 199      |
|    mean_reward     | 269      |
| time/              |          |
|    total_timesteps | 920000   |
---------------------------------
---------------------------------
| rollout/           |          |
|    ep_len_mean     | 199      |
|    ep_rew_mean     | 248      |
| time/              |          |
|    fps             | 472      |
|    iterations      | 45       |
|    time_elapsed    | 1948     |
|    total_timesteps | 921600   |
---------------------------------
Eval num_timesteps=930000, episode_reward=305.82 +/- 0.00
Episode length: 199.00 +/- 0.00
-----------------------------------------
| eval/                   |             |
|    mean_ep_length       | 199         |
|    mean_reward          | 306         |
| time/                   |             |
|    total_timesteps      | 930000      |
| train/                  |             |
|    approx_kl            | 0.029426504 |
|    clip_fraction        | 0.231       |
|    clip_range           | 0.2         |
|    entropy_loss         | -9.98       |
|    explained_variance   | 0           |
|    learning_rate        | 0.0003      |
|    loss                 | 9.85        |
|    n_updates            | 450         |
|    policy_gradient_loss | 0.00828     |
|    std                  | 0.84        |
|    value_loss           | 32.3        |
-----------------------------------------
New best mean reward!
Eval num_timesteps=940000, episode_reward=305.82 +/- 0.00
Episode length: 199.00 +/- 0.00
---------------------------------
| eval/              |          |
|    mean_ep_length  | 199      |
|    mean_reward     | 306      |
| time/              |          |
|    total_timesteps | 940000   |
---------------------------------
---------------------------------
| rollout/           |          |
|    ep_len_mean     | 199      |
|    ep_rew_mean     | 263      |
| time/              |          |
|    fps             | 472      |
|    iterations      | 46       |
|    time_elapsed    | 1993     |
|    total_timesteps | 942080   |
---------------------------------
Eval num_timesteps=950000, episode_reward=316.38 +/- 0.00
Episode length: 199.00 +/- 0.00
-----------------------------------------
| eval/                   |             |
|    mean_ep_length       | 199         |
|    mean_reward          | 316         |
| time/                   |             |
|    total_timesteps      | 950000      |
| train/                  |             |
|    approx_kl            | 0.023309868 |
|    clip_fraction        | 0.226       |
|    clip_range           | 0.2         |
|    entropy_loss         | -9.89       |
|    explained_variance   | 0           |
|    learning_rate        | 0.0003      |
|    loss                 | 11.2        |
|    n_updates            | 460         |
|    policy_gradient_loss | 0.00789     |
|    std                  | 0.836       |
|    value_loss           | 23.2        |
-----------------------------------------
New best mean reward!
Eval num_timesteps=960000, episode_reward=316.38 +/- 0.00
Episode length: 199.00 +/- 0.00
---------------------------------
| eval/              |          |
|    mean_ep_length  | 199      |
|    mean_reward     | 316      |
| time/              |          |
|    total_timesteps | 960000   |
---------------------------------
---------------------------------
| rollout/           |          |
|    ep_len_mean     | 199      |
|    ep_rew_mean     | 273      |
| time/              |          |
|    fps             | 472      |
|    iterations      | 47       |
|    time_elapsed    | 2038     |
|    total_timesteps | 962560   |
---------------------------------
Eval num_timesteps=970000, episode_reward=335.34 +/- 0.00
Episode length: 199.00 +/- 0.00
-----------------------------------------
| eval/                   |             |
|    mean_ep_length       | 199         |
|    mean_reward          | 335         |
| time/                   |             |
|    total_timesteps      | 970000      |
| train/                  |             |
|    approx_kl            | 0.024761487 |
|    clip_fraction        | 0.247       |
|    clip_range           | 0.2         |
|    entropy_loss         | -9.87       |
|    explained_variance   | 0           |
|    learning_rate        | 0.0003      |
|    loss                 | 8.77        |
|    n_updates            | 470         |
|    policy_gradient_loss | 0.0109      |
|    std                  | 0.831       |
|    value_loss           | 18.3        |
-----------------------------------------
New best mean reward!
Eval num_timesteps=980000, episode_reward=335.34 +/- 0.00
Episode length: 199.00 +/- 0.00
---------------------------------
| eval/              |          |
|    mean_ep_length  | 199      |
|    mean_reward     | 335      |
| time/              |          |
|    total_timesteps | 980000   |
---------------------------------
---------------------------------
| rollout/           |          |
|    ep_len_mean     | 199      |
|    ep_rew_mean     | 280      |
| time/              |          |
|    fps             | 471      |
|    iterations      | 48       |
|    time_elapsed    | 2083     |
|    total_timesteps | 983040   |
---------------------------------
Eval num_timesteps=990000, episode_reward=367.45 +/- 0.00
Episode length: 199.00 +/- 0.00
-----------------------------------------
| eval/                   |             |
|    mean_ep_length       | 199         |
|    mean_reward          | 367         |
| time/                   |             |
|    total_timesteps      | 990000      |
| train/                  |             |
|    approx_kl            | 0.029042205 |
|    clip_fraction        | 0.255       |
|    clip_range           | 0.2         |
|    entropy_loss         | -9.8        |
|    explained_variance   | 0           |
|    learning_rate        | 0.0003      |
|    loss                 | 5.17        |
|    n_updates            | 480         |
|    policy_gradient_loss | 0.00783     |
|    std                  | 0.822       |
|    value_loss           | 12.7        |
-----------------------------------------
New best mean reward!
Eval num_timesteps=1000000, episode_reward=367.45 +/- 0.00
Episode length: 199.00 +/- 0.00
---------------------------------
| eval/              |          |
|    mean_ep_length  | 199      |
|    mean_reward     | 367      |
| time/              |          |
|    total_timesteps | 1000000  |
---------------------------------
---------------------------------
| rollout/           |          |
|    ep_len_mean     | 199      |
|    ep_rew_mean     | 289      |
| time/              |          |
|    fps             | 471      |
|    iterations      | 49       |
|    time_elapsed    | 2129     |
|    total_timesteps | 1003520  |
---------------------------------
Eval num_timesteps=1010000, episode_reward=364.27 +/- 0.00
Episode length: 199.00 +/- 0.00
-----------------------------------------
| eval/                   |             |
|    mean_ep_length       | 199         |
|    mean_reward          | 364         |
| time/                   |             |
|    total_timesteps      | 1010000     |
| train/                  |             |
|    approx_kl            | 0.034615267 |
|    clip_fraction        | 0.264       |
|    clip_range           | 0.2         |
|    entropy_loss         | -9.69       |
|    explained_variance   | 0           |
|    learning_rate        | 0.0003      |
|    loss                 | 3.7         |
|    n_updates            | 490         |
|    policy_gradient_loss | 0.00782     |
|    std                  | 0.813       |
|    value_loss           | 8.65        |
-----------------------------------------
Eval num_timesteps=1020000, episode_reward=364.27 +/- 0.00
Episode length: 199.00 +/- 0.00
---------------------------------
| eval/              |          |
|    mean_ep_length  | 199      |
|    mean_reward     | 364      |
| time/              |          |
|    total_timesteps | 1020000  |
---------------------------------
---------------------------------
| rollout/           |          |
|    ep_len_mean     | 199      |
|    ep_rew_mean     | 300      |
| time/              |          |
|    fps             | 470      |
|    iterations      | 50       |
|    time_elapsed    | 2176     |
|    total_timesteps | 1024000  |
---------------------------------
Eval num_timesteps=1030000, episode_reward=375.10 +/- 0.00
Episode length: 199.00 +/- 0.00
----------------------------------------
| eval/                   |            |
|    mean_ep_length       | 199        |
|    mean_reward          | 375        |
| time/                   |            |
|    total_timesteps      | 1030000    |
| train/                  |            |
|    approx_kl            | 0.03529841 |
|    clip_fraction        | 0.284      |
|    clip_range           | 0.2        |
|    entropy_loss         | -9.6       |
|    explained_variance   | 0          |
|    learning_rate        | 0.0003     |
|    loss                 | 2.77       |
|    n_updates            | 500        |
|    policy_gradient_loss | 0.0153     |
|    std                  | 0.803      |
|    value_loss           | 7.05       |
----------------------------------------
New best mean reward!
Eval num_timesteps=1040000, episode_reward=375.10 +/- 0.00
Episode length: 199.00 +/- 0.00
---------------------------------
| eval/              |          |
|    mean_ep_length  | 199      |
|    mean_reward     | 375      |
| time/              |          |
|    total_timesteps | 1040000  |
---------------------------------
---------------------------------
| rollout/           |          |
|    ep_len_mean     | 199      |
|    ep_rew_mean     | 301      |
| time/              |          |
|    fps             | 469      |
|    iterations      | 51       |
|    time_elapsed    | 2223     |
|    total_timesteps | 1044480  |
---------------------------------
Eval num_timesteps=1050000, episode_reward=373.50 +/- 0.00
Episode length: 199.00 +/- 0.00
-----------------------------------------
| eval/                   |             |
|    mean_ep_length       | 199         |
|    mean_reward          | 373         |
| time/                   |             |
|    total_timesteps      | 1050000     |
| train/                  |             |
|    approx_kl            | 0.043521833 |
|    clip_fraction        | 0.316       |
|    clip_range           | 0.2         |
|    entropy_loss         | -9.53       |
|    explained_variance   | 0           |
|    learning_rate        | 0.0003      |
|    loss                 | 2.64        |
|    n_updates            | 510         |
|    policy_gradient_loss | 0.0148      |
|    std                  | 0.795       |
|    value_loss           | 4.75        |
-----------------------------------------
Eval num_timesteps=1060000, episode_reward=373.50 +/- 0.00
Episode length: 199.00 +/- 0.00
---------------------------------
| eval/              |          |
|    mean_ep_length  | 199      |
|    mean_reward     | 373      |
| time/              |          |
|    total_timesteps | 1060000  |
---------------------------------
---------------------------------
| rollout/           |          |
|    ep_len_mean     | 199      |
|    ep_rew_mean     | 310      |
| time/              |          |
|    fps             | 469      |
|    iterations      | 52       |
|    time_elapsed    | 2270     |
|    total_timesteps | 1064960  |
---------------------------------
Eval num_timesteps=1070000, episode_reward=368.53 +/- 0.00
Episode length: 199.00 +/- 0.00
-----------------------------------------
| eval/                   |             |
|    mean_ep_length       | 199         |
|    mean_reward          | 369         |
| time/                   |             |
|    total_timesteps      | 1070000     |
| train/                  |             |
|    approx_kl            | 0.036046788 |
|    clip_fraction        | 0.301       |
|    clip_range           | 0.2         |
|    entropy_loss         | -9.44       |
|    explained_variance   | 0           |
|    learning_rate        | 0.0003      |
|    loss                 | 1.1         |
|    n_updates            | 520         |
|    policy_gradient_loss | 0.0207      |
|    std                  | 0.788       |
|    value_loss           | 4.29        |
-----------------------------------------
Eval num_timesteps=1080000, episode_reward=368.53 +/- 0.00
Episode length: 199.00 +/- 0.00
---------------------------------
| eval/              |          |
|    mean_ep_length  | 199      |
|    mean_reward     | 369      |
| time/              |          |
|    total_timesteps | 1080000  |
---------------------------------
---------------------------------
| rollout/           |          |
|    ep_len_mean     | 199      |
|    ep_rew_mean     | 312      |
| time/              |          |
|    fps             | 468      |
|    iterations      | 53       |
|    time_elapsed    | 2318     |
|    total_timesteps | 1085440  |
---------------------------------
Eval num_timesteps=1090000, episode_reward=353.74 +/- 0.00
Episode length: 199.00 +/- 0.00
----------------------------------------
| eval/                   |            |
|    mean_ep_length       | 199        |
|    mean_reward          | 354        |
| time/                   |            |
|    total_timesteps      | 1090000    |
| train/                  |            |
|    approx_kl            | 0.02842386 |
|    clip_fraction        | 0.293      |
|    clip_range           | 0.2        |
|    entropy_loss         | -9.39      |
|    explained_variance   | -1.19e-07  |
|    learning_rate        | 0.0003     |
|    loss                 | 2.69       |
|    n_updates            | 530        |
|    policy_gradient_loss | 0.0186     |
|    std                  | 0.782      |
|    value_loss           | 3.92       |
----------------------------------------
Eval num_timesteps=1100000, episode_reward=353.74 +/- 0.00
Episode length: 199.00 +/- 0.00
---------------------------------
| eval/              |          |
|    mean_ep_length  | 199      |
|    mean_reward     | 354      |
| time/              |          |
|    total_timesteps | 1100000  |
---------------------------------
---------------------------------
| rollout/           |          |
|    ep_len_mean     | 199      |
|    ep_rew_mean     | 314      |
| time/              |          |
|    fps             | 467      |
|    iterations      | 54       |
|    time_elapsed    | 2365     |
|    total_timesteps | 1105920  |
---------------------------------
Eval num_timesteps=1110000, episode_reward=333.28 +/- 0.00
Episode length: 199.00 +/- 0.00
-----------------------------------------
| eval/                   |             |
|    mean_ep_length       | 199         |
|    mean_reward          | 333         |
| time/                   |             |
|    total_timesteps      | 1110000     |
| train/                  |             |
|    approx_kl            | 0.043547887 |
|    clip_fraction        | 0.319       |
|    clip_range           | 0.2         |
|    entropy_loss         | -9.33       |
|    explained_variance   | 0           |
|    learning_rate        | 0.0003      |
|    loss                 | 1.66        |
|    n_updates            | 540         |
|    policy_gradient_loss | 0.0247      |
|    std                  | 0.777       |
|    value_loss           | 3.6         |
-----------------------------------------
Eval num_timesteps=1120000, episode_reward=333.28 +/- 0.00
Episode length: 199.00 +/- 0.00
---------------------------------
| eval/              |          |
|    mean_ep_length  | 199      |
|    mean_reward     | 333      |
| time/              |          |
|    total_timesteps | 1120000  |
---------------------------------
---------------------------------
| rollout/           |          |
|    ep_len_mean     | 199      |
|    ep_rew_mean     | 310      |
| time/              |          |
|    fps             | 466      |
|    iterations      | 55       |
|    time_elapsed    | 2413     |
|    total_timesteps | 1126400  |
---------------------------------
Eval num_timesteps=1130000, episode_reward=339.86 +/- 0.00
Episode length: 199.00 +/- 0.00
-----------------------------------------
| eval/                   |             |
|    mean_ep_length       | 199         |
|    mean_reward          | 340         |
| time/                   |             |
|    total_timesteps      | 1130000     |
| train/                  |             |
|    approx_kl            | 0.059845258 |
|    clip_fraction        | 0.316       |
|    clip_range           | 0.2         |
|    entropy_loss         | -9.26       |
|    explained_variance   | -2.38e-07   |
|    learning_rate        | 0.0003      |
|    loss                 | 1.58        |
|    n_updates            | 550         |
|    policy_gradient_loss | 0.0214      |
|    std                  | 0.769       |
|    value_loss           | 3.54        |
-----------------------------------------
Eval num_timesteps=1140000, episode_reward=339.86 +/- 0.00
Episode length: 199.00 +/- 0.00
---------------------------------
| eval/              |          |
|    mean_ep_length  | 199      |
|    mean_reward     | 340      |
| time/              |          |
|    total_timesteps | 1140000  |
---------------------------------
---------------------------------
| rollout/           |          |
|    ep_len_mean     | 199      |
|    ep_rew_mean     | 315      |
| time/              |          |
|    fps             | 466      |
|    iterations      | 56       |
|    time_elapsed    | 2460     |
|    total_timesteps | 1146880  |
---------------------------------
Eval num_timesteps=1150000, episode_reward=285.70 +/- 0.00
Episode length: 199.00 +/- 0.00
-----------------------------------------
| eval/                   |             |
|    mean_ep_length       | 199         |
|    mean_reward          | 286         |
| time/                   |             |
|    total_timesteps      | 1150000     |
| train/                  |             |
|    approx_kl            | 0.036120374 |
|    clip_fraction        | 0.329       |
|    clip_range           | 0.2         |
|    entropy_loss         | -9.17       |
|    explained_variance   | 1.79e-07    |
|    learning_rate        | 0.0003      |
|    loss                 | 1.42        |
|    n_updates            | 560         |
|    policy_gradient_loss | 0.0231      |
|    std                  | 0.761       |
|    value_loss           | 3.02        |
-----------------------------------------
Eval num_timesteps=1160000, episode_reward=285.70 +/- 0.00
Episode length: 199.00 +/- 0.00
---------------------------------
| eval/              |          |
|    mean_ep_length  | 199      |
|    mean_reward     | 286      |
| time/              |          |
|    total_timesteps | 1160000  |
---------------------------------
---------------------------------
| rollout/           |          |
|    ep_len_mean     | 199      |
|    ep_rew_mean     | 290      |
| time/              |          |
|    fps             | 465      |
|    iterations      | 57       |
|    time_elapsed    | 2507     |
|    total_timesteps | 1167360  |
---------------------------------
Eval num_timesteps=1170000, episode_reward=328.41 +/- 0.00
Episode length: 199.00 +/- 0.00
-----------------------------------------
| eval/                   |             |
|    mean_ep_length       | 199         |
|    mean_reward          | 328         |
| time/                   |             |
|    total_timesteps      | 1170000     |
| train/                  |             |
|    approx_kl            | 0.040843863 |
|    clip_fraction        | 0.332       |
|    clip_range           | 0.2         |
|    entropy_loss         | -9.15       |
|    explained_variance   | -2.38e-07   |
|    learning_rate        | 0.0003      |
|    loss                 | 1.69        |
|    n_updates            | 570         |
|    policy_gradient_loss | 0.0124      |
|    std                  | 0.76        |
|    value_loss           | 4.28        |
-----------------------------------------
Eval num_timesteps=1180000, episode_reward=328.41 +/- 0.00
Episode length: 199.00 +/- 0.00
---------------------------------
| eval/              |          |
|    mean_ep_length  | 199      |
|    mean_reward     | 328      |
| time/              |          |
|    total_timesteps | 1180000  |
---------------------------------
---------------------------------
| rollout/           |          |
|    ep_len_mean     | 199      |
|    ep_rew_mean     | 312      |
| time/              |          |
|    fps             | 465      |
|    iterations      | 58       |
|    time_elapsed    | 2554     |
|    total_timesteps | 1187840  |
---------------------------------
Eval num_timesteps=1190000, episode_reward=354.00 +/- 0.00
Episode length: 199.00 +/- 0.00
-----------------------------------------
| eval/                   |             |
|    mean_ep_length       | 199         |
|    mean_reward          | 354         |
| time/                   |             |
|    total_timesteps      | 1190000     |
| train/                  |             |
|    approx_kl            | 0.043420315 |
|    clip_fraction        | 0.342       |
|    clip_range           | 0.2         |
|    entropy_loss         | -9.08       |
|    explained_variance   | 0           |
|    learning_rate        | 0.0003      |
|    loss                 | 0.945       |
|    n_updates            | 580         |
|    policy_gradient_loss | 0.0207      |
|    std                  | 0.752       |
|    value_loss           | 2.39        |
-----------------------------------------
Eval num_timesteps=1200000, episode_reward=354.00 +/- 0.00
Episode length: 199.00 +/- 0.00
---------------------------------
| eval/              |          |
|    mean_ep_length  | 199      |
|    mean_reward     | 354      |
| time/              |          |
|    total_timesteps | 1200000  |
---------------------------------
---------------------------------
| rollout/           |          |
|    ep_len_mean     | 199      |
|    ep_rew_mean     | 321      |
| time/              |          |
|    fps             | 464      |
|    iterations      | 59       |
|    time_elapsed    | 2600     |
|    total_timesteps | 1208320  |
---------------------------------
Eval num_timesteps=1210000, episode_reward=328.40 +/- 0.00
Episode length: 199.00 +/- 0.00
-----------------------------------------
| eval/                   |             |
|    mean_ep_length       | 199         |
|    mean_reward          | 328         |
| time/                   |             |
|    total_timesteps      | 1210000     |
| train/                  |             |
|    approx_kl            | 0.057774864 |
|    clip_fraction        | 0.33        |
|    clip_range           | 0.2         |
|    entropy_loss         | -9          |
|    explained_variance   | 0           |
|    learning_rate        | 0.0003      |
|    loss                 | 0.999       |
|    n_updates            | 590         |
|    policy_gradient_loss | 0.0223      |
|    std                  | 0.747       |
|    value_loss           | 1.95        |
-----------------------------------------
Eval num_timesteps=1220000, episode_reward=328.40 +/- 0.00
Episode length: 199.00 +/- 0.00
---------------------------------
| eval/              |          |
|    mean_ep_length  | 199      |
|    mean_reward     | 328      |
| time/              |          |
|    total_timesteps | 1220000  |
---------------------------------
---------------------------------
| rollout/           |          |
|    ep_len_mean     | 199      |
|    ep_rew_mean     | 313      |
| time/              |          |
|    fps             | 463      |
|    iterations      | 60       |
|    time_elapsed    | 2648     |
|    total_timesteps | 1228800  |
---------------------------------
Eval num_timesteps=1230000, episode_reward=361.83 +/- 0.00
Episode length: 199.00 +/- 0.00
-----------------------------------------
| eval/                   |             |
|    mean_ep_length       | 199         |
|    mean_reward          | 362         |
| time/                   |             |
|    total_timesteps      | 1230000     |
| train/                  |             |
|    approx_kl            | 0.044641547 |
|    clip_fraction        | 0.331       |
|    clip_range           | 0.2         |
|    entropy_loss         | -8.96       |
|    explained_variance   | 0           |
|    learning_rate        | 0.0003      |
|    loss                 | 1.06        |
|    n_updates            | 600         |
|    policy_gradient_loss | 0.016       |
|    std                  | 0.743       |
|    value_loss           | 1.73        |
-----------------------------------------
Eval num_timesteps=1240000, episode_reward=361.83 +/- 0.00
Episode length: 199.00 +/- 0.00
---------------------------------
| eval/              |          |
|    mean_ep_length  | 199      |
|    mean_reward     | 362      |
| time/              |          |
|    total_timesteps | 1240000  |
---------------------------------
---------------------------------
| rollout/           |          |
|    ep_len_mean     | 199      |
|    ep_rew_mean     | 324      |
| time/              |          |
|    fps             | 463      |
|    iterations      | 61       |
|    time_elapsed    | 2695     |
|    total_timesteps | 1249280  |
---------------------------------
Eval num_timesteps=1250000, episode_reward=371.81 +/- 0.00
Episode length: 199.00 +/- 0.00
----------------------------------------
| eval/                   |            |
|    mean_ep_length       | 199        |
|    mean_reward          | 372        |
| time/                   |            |
|    total_timesteps      | 1250000    |
| train/                  |            |
|    approx_kl            | 0.04050539 |
|    clip_fraction        | 0.328      |
|    clip_range           | 0.2        |
|    entropy_loss         | -8.91      |
|    explained_variance   | 0          |
|    learning_rate        | 0.0003     |
|    loss                 | 0.727      |
|    n_updates            | 610        |
|    policy_gradient_loss | 0.0268     |
|    std                  | 0.735      |
|    value_loss           | 1.67       |
----------------------------------------
Eval num_timesteps=1260000, episode_reward=371.81 +/- 0.00
Episode length: 199.00 +/- 0.00
---------------------------------
| eval/              |          |
|    mean_ep_length  | 199      |
|    mean_reward     | 372      |
| time/              |          |
|    total_timesteps | 1260000  |
---------------------------------
---------------------------------
| rollout/           |          |
|    ep_len_mean     | 199      |
|    ep_rew_mean     | 327      |
| time/              |          |
|    fps             | 463      |
|    iterations      | 62       |
|    time_elapsed    | 2741     |
|    total_timesteps | 1269760  |
---------------------------------
Eval num_timesteps=1270000, episode_reward=382.19 +/- 0.00
Episode length: 199.00 +/- 0.00
----------------------------------------
| eval/                   |            |
|    mean_ep_length       | 199        |
|    mean_reward          | 382        |
| time/                   |            |
|    total_timesteps      | 1270000    |
| train/                  |            |
|    approx_kl            | 0.04703489 |
|    clip_fraction        | 0.34       |
|    clip_range           | 0.2        |
|    entropy_loss         | -8.82      |
|    explained_variance   | -1.19e-07  |
|    learning_rate        | 0.0003     |
|    loss                 | 0.709      |
|    n_updates            | 620        |
|    policy_gradient_loss | 0.0318     |
|    std                  | 0.729      |
|    value_loss           | 1.42       |
----------------------------------------
New best mean reward!
Eval num_timesteps=1280000, episode_reward=382.19 +/- 0.00
Episode length: 199.00 +/- 0.00
---------------------------------
| eval/              |          |
|    mean_ep_length  | 199      |
|    mean_reward     | 382      |
| time/              |          |
|    total_timesteps | 1280000  |
---------------------------------
Eval num_timesteps=1290000, episode_reward=382.19 +/- 0.00
Episode length: 199.00 +/- 0.00
---------------------------------
| eval/              |          |
|    mean_ep_length  | 199      |
|    mean_reward     | 382      |
| time/              |          |
|    total_timesteps | 1290000  |
---------------------------------
---------------------------------
| rollout/           |          |
|    ep_len_mean     | 199      |
|    ep_rew_mean     | 329      |
| time/              |          |
|    fps             | 462      |
|    iterations      | 63       |
|    time_elapsed    | 2789     |
|    total_timesteps | 1290240  |
---------------------------------
Eval num_timesteps=1300000, episode_reward=362.67 +/- 0.00
Episode length: 199.00 +/- 0.00
-----------------------------------------
| eval/                   |             |
|    mean_ep_length       | 199         |
|    mean_reward          | 363         |
| time/                   |             |
|    total_timesteps      | 1300000     |
| train/                  |             |
|    approx_kl            | 0.060563456 |
|    clip_fraction        | 0.333       |
|    clip_range           | 0.2         |
|    entropy_loss         | -8.73       |
|    explained_variance   | -2.38e-07   |
|    learning_rate        | 0.0003      |
|    loss                 | 0.568       |
|    n_updates            | 630         |
|    policy_gradient_loss | 0.0326      |
|    std                  | 0.719       |
|    value_loss           | 1.29        |
-----------------------------------------
Eval num_timesteps=1310000, episode_reward=362.67 +/- 0.00
Episode length: 199.00 +/- 0.00
---------------------------------
| eval/              |          |
|    mean_ep_length  | 199      |
|    mean_reward     | 363      |
| time/              |          |
|    total_timesteps | 1310000  |
---------------------------------
---------------------------------
| rollout/           |          |
|    ep_len_mean     | 199      |
|    ep_rew_mean     | 324      |
| time/              |          |
|    fps             | 462      |
|    iterations      | 64       |
|    time_elapsed    | 2836     |
|    total_timesteps | 1310720  |
---------------------------------
Eval num_timesteps=1320000, episode_reward=359.93 +/- 0.00
Episode length: 199.00 +/- 0.00
----------------------------------------
| eval/                   |            |
|    mean_ep_length       | 199        |
|    mean_reward          | 360        |
| time/                   |            |
|    total_timesteps      | 1320000    |
| train/                  |            |
|    approx_kl            | 0.09192771 |
|    clip_fraction        | 0.381      |
|    clip_range           | 0.2        |
|    entropy_loss         | -8.66      |
|    explained_variance   | -2.38e-07  |
|    learning_rate        | 0.0003     |
|    loss                 | 0.705      |
|    n_updates            | 640        |
|    policy_gradient_loss | 0.0406     |
|    std                  | 0.714      |
|    value_loss           | 1.5        |
----------------------------------------
Eval num_timesteps=1330000, episode_reward=359.93 +/- 0.00
Episode length: 199.00 +/- 0.00
---------------------------------
| eval/              |          |
|    mean_ep_length  | 199      |
|    mean_reward     | 360      |
| time/              |          |
|    total_timesteps | 1330000  |
---------------------------------
---------------------------------
| rollout/           |          |
|    ep_len_mean     | 199      |
|    ep_rew_mean     | 324      |
| time/              |          |
|    fps             | 461      |
|    iterations      | 65       |
|    time_elapsed    | 2885     |
|    total_timesteps | 1331200  |
---------------------------------
Eval num_timesteps=1340000, episode_reward=352.29 +/- 0.00
Episode length: 199.00 +/- 0.00
----------------------------------------
| eval/                   |            |
|    mean_ep_length       | 199        |
|    mean_reward          | 352        |
| time/                   |            |
|    total_timesteps      | 1340000    |
| train/                  |            |
|    approx_kl            | 0.03785712 |
|    clip_fraction        | 0.364      |
|    clip_range           | 0.2        |
|    entropy_loss         | -8.59      |
|    explained_variance   | 0          |
|    learning_rate        | 0.0003     |
|    loss                 | 0.522      |
|    n_updates            | 650        |
|    policy_gradient_loss | 0.0278     |
|    std                  | 0.708      |
|    value_loss           | 1.26       |
----------------------------------------
Eval num_timesteps=1350000, episode_reward=352.29 +/- 0.00
Episode length: 199.00 +/- 0.00
---------------------------------
| eval/              |          |
|    mean_ep_length  | 199      |
|    mean_reward     | 352      |
| time/              |          |
|    total_timesteps | 1350000  |
---------------------------------
---------------------------------
| rollout/           |          |
|    ep_len_mean     | 199      |
|    ep_rew_mean     | 323      |
| time/              |          |
|    fps             | 461      |
|    iterations      | 66       |
|    time_elapsed    | 2931     |
|    total_timesteps | 1351680  |
---------------------------------
Eval num_timesteps=1360000, episode_reward=366.21 +/- 0.00
Episode length: 199.00 +/- 0.00
----------------------------------------
| eval/                   |            |
|    mean_ep_length       | 199        |
|    mean_reward          | 366        |
| time/                   |            |
|    total_timesteps      | 1360000    |
| train/                  |            |
|    approx_kl            | 0.03648715 |
|    clip_fraction        | 0.358      |
|    clip_range           | 0.2        |
|    entropy_loss         | -8.5       |
|    explained_variance   | -4.77e-07  |
|    learning_rate        | 0.0003     |
|    loss                 | 0.874      |
|    n_updates            | 660        |
|    policy_gradient_loss | 0.0289     |
|    std                  | 0.701      |
|    value_loss           | 1.38       |
----------------------------------------
Eval num_timesteps=1370000, episode_reward=366.21 +/- 0.00
Episode length: 199.00 +/- 0.00
---------------------------------
| eval/              |          |
|    mean_ep_length  | 199      |
|    mean_reward     | 366      |
| time/              |          |
|    total_timesteps | 1370000  |
---------------------------------
---------------------------------
| rollout/           |          |
|    ep_len_mean     | 199      |
|    ep_rew_mean     | 330      |
| time/              |          |
|    fps             | 460      |
|    iterations      | 67       |
|    time_elapsed    | 2978     |
|    total_timesteps | 1372160  |
---------------------------------
Eval num_timesteps=1380000, episode_reward=357.43 +/- 0.00
Episode length: 199.00 +/- 0.00
-----------------------------------------
| eval/                   |             |
|    mean_ep_length       | 199         |
|    mean_reward          | 357         |
| time/                   |             |
|    total_timesteps      | 1380000     |
| train/                  |             |
|    approx_kl            | 0.048143227 |
|    clip_fraction        | 0.362       |
|    clip_range           | 0.2         |
|    entropy_loss         | -8.42       |
|    explained_variance   | 0           |
|    learning_rate        | 0.0003      |
|    loss                 | 0.483       |
|    n_updates            | 670         |
|    policy_gradient_loss | 0.0371      |
|    std                  | 0.695       |
|    value_loss           | 1.08        |
-----------------------------------------
Eval num_timesteps=1390000, episode_reward=357.43 +/- 0.00
Episode length: 199.00 +/- 0.00
---------------------------------
| eval/              |          |
|    mean_ep_length  | 199      |
|    mean_reward     | 357      |
| time/              |          |
|    total_timesteps | 1390000  |
---------------------------------
---------------------------------
| rollout/           |          |
|    ep_len_mean     | 199      |
|    ep_rew_mean     | 327      |
| time/              |          |
|    fps             | 460      |
|    iterations      | 68       |
|    time_elapsed    | 3024     |
|    total_timesteps | 1392640  |
---------------------------------
Eval num_timesteps=1400000, episode_reward=376.23 +/- 0.00
Episode length: 199.00 +/- 0.00
-----------------------------------------
| eval/                   |             |
|    mean_ep_length       | 199         |
|    mean_reward          | 376         |
| time/                   |             |
|    total_timesteps      | 1400000     |
| train/                  |             |
|    approx_kl            | 0.045443673 |
|    clip_fraction        | 0.362       |
|    clip_range           | 0.2         |
|    entropy_loss         | -8.36       |
|    explained_variance   | 5.36e-07    |
|    learning_rate        | 0.0003      |
|    loss                 | 0.87        |
|    n_updates            | 680         |
|    policy_gradient_loss | 0.0331      |
|    std                  | 0.69        |
|    value_loss           | 1.14        |
-----------------------------------------
Eval num_timesteps=1410000, episode_reward=376.23 +/- 0.00
Episode length: 199.00 +/- 0.00
---------------------------------
| eval/              |          |
|    mean_ep_length  | 199      |
|    mean_reward     | 376      |
| time/              |          |
|    total_timesteps | 1410000  |
---------------------------------
---------------------------------
| rollout/           |          |
|    ep_len_mean     | 199      |
|    ep_rew_mean     | 331      |
| time/              |          |
|    fps             | 460      |
|    iterations      | 69       |
|    time_elapsed    | 3071     |
|    total_timesteps | 1413120  |
---------------------------------
Eval num_timesteps=1420000, episode_reward=349.72 +/- 0.00
Episode length: 199.00 +/- 0.00
-----------------------------------------
| eval/                   |             |
|    mean_ep_length       | 199         |
|    mean_reward          | 350         |
| time/                   |             |
|    total_timesteps      | 1420000     |
| train/                  |             |
|    approx_kl            | 0.052387483 |
|    clip_fraction        | 0.365       |
|    clip_range           | 0.2         |
|    entropy_loss         | -8.3        |
|    explained_variance   | -3.58e-07   |
|    learning_rate        | 0.0003      |
|    loss                 | 0.726       |
|    n_updates            | 690         |
|    policy_gradient_loss | 0.0367      |
|    std                  | 0.683       |
|    value_loss           | 1.03        |
-----------------------------------------
Eval num_timesteps=1430000, episode_reward=349.72 +/- 0.00
Episode length: 199.00 +/- 0.00
---------------------------------
| eval/              |          |
|    mean_ep_length  | 199      |
|    mean_reward     | 350      |
| time/              |          |
|    total_timesteps | 1430000  |
---------------------------------
---------------------------------
| rollout/           |          |
|    ep_len_mean     | 199      |
|    ep_rew_mean     | 325      |
| time/              |          |
|    fps             | 459      |
|    iterations      | 70       |
|    time_elapsed    | 3117     |
|    total_timesteps | 1433600  |
---------------------------------
Eval num_timesteps=1440000, episode_reward=348.01 +/- 0.00
Episode length: 199.00 +/- 0.00
----------------------------------------
| eval/                   |            |
|    mean_ep_length       | 199        |
|    mean_reward          | 348        |
| time/                   |            |
|    total_timesteps      | 1440000    |
| train/                  |            |
|    approx_kl            | 0.06384623 |
|    clip_fraction        | 0.362      |
|    clip_range           | 0.2        |
|    entropy_loss         | -8.21      |
|    explained_variance   | 0          |
|    learning_rate        | 0.0003     |
|    loss                 | 0.573      |
|    n_updates            | 700        |
|    policy_gradient_loss | 0.0216     |
|    std                  | 0.677      |
|    value_loss           | 0.909      |
----------------------------------------
Eval num_timesteps=1450000, episode_reward=348.01 +/- 0.00
Episode length: 199.00 +/- 0.00
---------------------------------
| eval/              |          |
|    mean_ep_length  | 199      |
|    mean_reward     | 348      |
| time/              |          |
|    total_timesteps | 1450000  |
---------------------------------
---------------------------------
| rollout/           |          |
|    ep_len_mean     | 199      |
|    ep_rew_mean     | 325      |
| time/              |          |
|    fps             | 459      |
|    iterations      | 71       |
|    time_elapsed    | 3165     |
|    total_timesteps | 1454080  |
---------------------------------
Eval num_timesteps=1460000, episode_reward=368.77 +/- 0.00
Episode length: 199.00 +/- 0.00
----------------------------------------
| eval/                   |            |
|    mean_ep_length       | 199        |
|    mean_reward          | 369        |
| time/                   |            |
|    total_timesteps      | 1460000    |
| train/                  |            |
|    approx_kl            | 0.05029888 |
|    clip_fraction        | 0.368      |
|    clip_range           | 0.2        |
|    entropy_loss         | -8.17      |
|    explained_variance   | -1.19e-07  |
|    learning_rate        | 0.0003     |
|    loss                 | 0.45       |
|    n_updates            | 710        |
|    policy_gradient_loss | 0.0277     |
|    std                  | 0.672      |
|    value_loss           | 1.04       |
----------------------------------------
Eval num_timesteps=1470000, episode_reward=368.77 +/- 0.00
Episode length: 199.00 +/- 0.00
---------------------------------
| eval/              |          |
|    mean_ep_length  | 199      |
|    mean_reward     | 369      |
| time/              |          |
|    total_timesteps | 1470000  |
---------------------------------
---------------------------------
| rollout/           |          |
|    ep_len_mean     | 199      |
|    ep_rew_mean     | 332      |
| time/              |          |
|    fps             | 459      |
|    iterations      | 72       |
|    time_elapsed    | 3211     |
|    total_timesteps | 1474560  |
---------------------------------
Eval num_timesteps=1480000, episode_reward=357.41 +/- 0.00
Episode length: 199.00 +/- 0.00
-----------------------------------------
| eval/                   |             |
|    mean_ep_length       | 199         |
|    mean_reward          | 357         |
| time/                   |             |
|    total_timesteps      | 1480000     |
| train/                  |             |
|    approx_kl            | 0.083409645 |
|    clip_fraction        | 0.377       |
|    clip_range           | 0.2         |
|    entropy_loss         | -8.09       |
|    explained_variance   | -2.38e-07   |
|    learning_rate        | 0.0003      |
|    loss                 | 0.598       |
|    n_updates            | 720         |
|    policy_gradient_loss | 0.0406      |
|    std                  | 0.667       |
|    value_loss           | 0.923       |
-----------------------------------------
Eval num_timesteps=1490000, episode_reward=357.41 +/- 0.00
Episode length: 199.00 +/- 0.00
---------------------------------
| eval/              |          |
|    mean_ep_length  | 199      |
|    mean_reward     | 357      |
| time/              |          |
|    total_timesteps | 1490000  |
---------------------------------
---------------------------------
| rollout/           |          |
|    ep_len_mean     | 199      |
|    ep_rew_mean     | 330      |
| time/              |          |
|    fps             | 458      |
|    iterations      | 73       |
|    time_elapsed    | 3258     |
|    total_timesteps | 1495040  |
---------------------------------
Eval num_timesteps=1500000, episode_reward=342.23 +/- 0.00
Episode length: 199.00 +/- 0.00
-----------------------------------------
| eval/                   |             |
|    mean_ep_length       | 199         |
|    mean_reward          | 342         |
| time/                   |             |
|    total_timesteps      | 1500000     |
| train/                  |             |
|    approx_kl            | 0.048463926 |
|    clip_fraction        | 0.379       |
|    clip_range           | 0.2         |
|    entropy_loss         | -8.04       |
|    explained_variance   | 0           |
|    learning_rate        | 0.0003      |
|    loss                 | 0.576       |
|    n_updates            | 730         |
|    policy_gradient_loss | 0.035       |
|    std                  | 0.664       |
|    value_loss           | 0.875       |
-----------------------------------------
Eval num_timesteps=1510000, episode_reward=342.23 +/- 0.00
Episode length: 199.00 +/- 0.00
---------------------------------
| eval/              |          |
|    mean_ep_length  | 199      |
|    mean_reward     | 342      |
| time/              |          |
|    total_timesteps | 1510000  |
---------------------------------
---------------------------------
| rollout/           |          |
|    ep_len_mean     | 199      |
|    ep_rew_mean     | 324      |
| time/              |          |
|    fps             | 458      |
|    iterations      | 74       |
|    time_elapsed    | 3306     |
|    total_timesteps | 1515520  |
---------------------------------
Eval num_timesteps=1520000, episode_reward=323.43 +/- 0.00
Episode length: 199.00 +/- 0.00
-----------------------------------------
| eval/                   |             |
|    mean_ep_length       | 199         |
|    mean_reward          | 323         |
| time/                   |             |
|    total_timesteps      | 1520000     |
| train/                  |             |
|    approx_kl            | 0.054970004 |
|    clip_fraction        | 0.368       |
|    clip_range           | 0.2         |
|    entropy_loss         | -8.01       |
|    explained_variance   | -1.43e-06   |
|    learning_rate        | 0.0003      |
|    loss                 | 0.42        |
|    n_updates            | 740         |
|    policy_gradient_loss | 0.0217      |
|    std                  | 0.659       |
|    value_loss           | 0.989       |
-----------------------------------------
Eval num_timesteps=1530000, episode_reward=323.43 +/- 0.00
Episode length: 199.00 +/- 0.00
---------------------------------
| eval/              |          |
|    mean_ep_length  | 199      |
|    mean_reward     | 323      |
| time/              |          |
|    total_timesteps | 1530000  |
---------------------------------
---------------------------------
| rollout/           |          |
|    ep_len_mean     | 199      |
|    ep_rew_mean     | 314      |
| time/              |          |
|    fps             | 458      |
|    iterations      | 75       |
|    time_elapsed    | 3353     |
|    total_timesteps | 1536000  |
---------------------------------
Eval num_timesteps=1540000, episode_reward=360.58 +/- 0.00
Episode length: 199.00 +/- 0.00
----------------------------------------
| eval/                   |            |
|    mean_ep_length       | 199        |
|    mean_reward          | 361        |
| time/                   |            |
|    total_timesteps      | 1540000    |
| train/                  |            |
|    approx_kl            | 0.07349555 |
|    clip_fraction        | 0.391      |
|    clip_range           | 0.2        |
|    entropy_loss         | -7.97      |
|    explained_variance   | -4.77e-07  |
|    learning_rate        | 0.0003     |
|    loss                 | 0.476      |
|    n_updates            | 750        |
|    policy_gradient_loss | 0.0265     |
|    std                  | 0.658      |
|    value_loss           | 1.7        |
----------------------------------------
Eval num_timesteps=1550000, episode_reward=360.58 +/- 0.00
Episode length: 199.00 +/- 0.00
---------------------------------
| eval/              |          |
|    mean_ep_length  | 199      |
|    mean_reward     | 361      |
| time/              |          |
|    total_timesteps | 1550000  |
---------------------------------
---------------------------------
| rollout/           |          |
|    ep_len_mean     | 199      |
|    ep_rew_mean     | 330      |
| time/              |          |
|    fps             | 457      |
|    iterations      | 76       |
|    time_elapsed    | 3399     |
|    total_timesteps | 1556480  |
---------------------------------
Eval num_timesteps=1560000, episode_reward=376.06 +/- 0.00
Episode length: 199.00 +/- 0.00
---------------------------------------
| eval/                   |           |
|    mean_ep_length       | 199       |
|    mean_reward          | 376       |
| time/                   |           |
|    total_timesteps      | 1560000   |
| train/                  |           |
|    approx_kl            | 0.0572061 |
|    clip_fraction        | 0.378     |
|    clip_range           | 0.2       |
|    entropy_loss         | -7.92     |
|    explained_variance   | 1.19e-07  |
|    learning_rate        | 0.0003    |
|    loss                 | 0.458     |
|    n_updates            | 760       |
|    policy_gradient_loss | 0.0357    |
|    std                  | 0.653     |
|    value_loss           | 1.11      |
---------------------------------------
Eval num_timesteps=1570000, episode_reward=376.06 +/- 0.00
Episode length: 199.00 +/- 0.00
---------------------------------
| eval/              |          |
|    mean_ep_length  | 199      |
|    mean_reward     | 376      |
| time/              |          |
|    total_timesteps | 1570000  |
---------------------------------
---------------------------------
| rollout/           |          |
|    ep_len_mean     | 199      |
|    ep_rew_mean     | 335      |
| time/              |          |
|    fps             | 457      |
|    iterations      | 77       |
|    time_elapsed    | 3447     |
|    total_timesteps | 1576960  |
---------------------------------
Eval num_timesteps=1580000, episode_reward=352.48 +/- 0.00
Episode length: 199.00 +/- 0.00
-----------------------------------------
| eval/                   |             |
|    mean_ep_length       | 199         |
|    mean_reward          | 352         |
| time/                   |             |
|    total_timesteps      | 1580000     |
| train/                  |             |
|    approx_kl            | 0.054973744 |
|    clip_fraction        | 0.363       |
|    clip_range           | 0.2         |
|    entropy_loss         | -7.85       |
|    explained_variance   | 0           |
|    learning_rate        | 0.0003      |
|    loss                 | 0.471       |
|    n_updates            | 770         |
|    policy_gradient_loss | 0.036       |
|    std                  | 0.648       |
|    value_loss           | 0.862       |
-----------------------------------------
Eval num_timesteps=1590000, episode_reward=352.48 +/- 0.00
Episode length: 199.00 +/- 0.00
---------------------------------
| eval/              |          |
|    mean_ep_length  | 199      |
|    mean_reward     | 352      |
| time/              |          |
|    total_timesteps | 1590000  |
---------------------------------
---------------------------------
| rollout/           |          |
|    ep_len_mean     | 199      |
|    ep_rew_mean     | 326      |
| time/              |          |
|    fps             | 457      |
|    iterations      | 78       |
|    time_elapsed    | 3495     |
|    total_timesteps | 1597440  |
---------------------------------
Eval num_timesteps=1600000, episode_reward=359.49 +/- 0.00
Episode length: 199.00 +/- 0.00
-----------------------------------------
| eval/                   |             |
|    mean_ep_length       | 199         |
|    mean_reward          | 359         |
| time/                   |             |
|    total_timesteps      | 1600000     |
| train/                  |             |
|    approx_kl            | 0.053303026 |
|    clip_fraction        | 0.368       |
|    clip_range           | 0.2         |
|    entropy_loss         | -7.81       |
|    explained_variance   | -1.79e-06   |
|    learning_rate        | 0.0003      |
|    loss                 | 0.738       |
|    n_updates            | 780         |
|    policy_gradient_loss | 0.0259      |
|    std                  | 0.644       |
|    value_loss           | 1.29        |
-----------------------------------------
Eval num_timesteps=1610000, episode_reward=359.49 +/- 0.00
Episode length: 199.00 +/- 0.00
---------------------------------
| eval/              |          |
|    mean_ep_length  | 199      |
|    mean_reward     | 359      |
| time/              |          |
|    total_timesteps | 1610000  |
---------------------------------
---------------------------------
| rollout/           |          |
|    ep_len_mean     | 199      |
|    ep_rew_mean     | 329      |
| time/              |          |
|    fps             | 456      |
|    iterations      | 79       |
|    time_elapsed    | 3542     |
|    total_timesteps | 1617920  |
---------------------------------
Eval num_timesteps=1620000, episode_reward=376.07 +/- 0.00
Episode length: 199.00 +/- 0.00
-----------------------------------------
| eval/                   |             |
|    mean_ep_length       | 199         |
|    mean_reward          | 376         |
| time/                   |             |
|    total_timesteps      | 1620000     |
| train/                  |             |
|    approx_kl            | 0.058553405 |
|    clip_fraction        | 0.377       |
|    clip_range           | 0.2         |
|    entropy_loss         | -7.76       |
|    explained_variance   | 4.17e-07    |
|    learning_rate        | 0.0003      |
|    loss                 | 0.434       |
|    n_updates            | 790         |
|    policy_gradient_loss | 0.0302      |
|    std                  | 0.642       |
|    value_loss           | 0.967       |
-----------------------------------------
Eval num_timesteps=1630000, episode_reward=376.07 +/- 0.00
Episode length: 199.00 +/- 0.00
---------------------------------
| eval/              |          |
|    mean_ep_length  | 199      |
|    mean_reward     | 376      |
| time/              |          |
|    total_timesteps | 1630000  |
---------------------------------
---------------------------------
| rollout/           |          |
|    ep_len_mean     | 199      |
|    ep_rew_mean     | 337      |
| time/              |          |
|    fps             | 456      |
|    iterations      | 80       |
|    time_elapsed    | 3589     |
|    total_timesteps | 1638400  |
---------------------------------
Eval num_timesteps=1640000, episode_reward=371.33 +/- 0.00
Episode length: 199.00 +/- 0.00
----------------------------------------
| eval/                   |            |
|    mean_ep_length       | 199        |
|    mean_reward          | 371        |
| time/                   |            |
|    total_timesteps      | 1640000    |
| train/                  |            |
|    approx_kl            | 0.06252431 |
|    clip_fraction        | 0.373      |
|    clip_range           | 0.2        |
|    entropy_loss         | -7.7       |
|    explained_variance   | -1.31e-06  |
|    learning_rate        | 0.0003     |
|    loss                 | 0.457      |
|    n_updates            | 800        |
|    policy_gradient_loss | 0.0434     |
|    std                  | 0.636      |
|    value_loss           | 0.927      |
----------------------------------------
Eval num_timesteps=1650000, episode_reward=371.33 +/- 0.00
Episode length: 199.00 +/- 0.00
---------------------------------
| eval/              |          |
|    mean_ep_length  | 199      |
|    mean_reward     | 371      |
| time/              |          |
|    total_timesteps | 1650000  |
---------------------------------
---------------------------------
| rollout/           |          |
|    ep_len_mean     | 199      |
|    ep_rew_mean     | 336      |
| time/              |          |
|    fps             | 456      |
|    iterations      | 81       |
|    time_elapsed    | 3636     |
|    total_timesteps | 1658880  |
---------------------------------
Eval num_timesteps=1660000, episode_reward=352.13 +/- 0.00
Episode length: 199.00 +/- 0.00
----------------------------------------
| eval/                   |            |
|    mean_ep_length       | 199        |
|    mean_reward          | 352        |
| time/                   |            |
|    total_timesteps      | 1660000    |
| train/                  |            |
|    approx_kl            | 0.04200954 |
|    clip_fraction        | 0.389      |
|    clip_range           | 0.2        |
|    entropy_loss         | -7.62      |
|    explained_variance   | -5.96e-07  |
|    learning_rate        | 0.0003     |
|    loss                 | 0.535      |
|    n_updates            | 810        |
|    policy_gradient_loss | 0.0417     |
|    std                  | 0.63       |
|    value_loss           | 1.03       |
----------------------------------------
Eval num_timesteps=1670000, episode_reward=352.13 +/- 0.00
Episode length: 199.00 +/- 0.00
---------------------------------
| eval/              |          |
|    mean_ep_length  | 199      |
|    mean_reward     | 352      |
| time/              |          |
|    total_timesteps | 1670000  |
---------------------------------
---------------------------------
| rollout/           |          |
|    ep_len_mean     | 199      |
|    ep_rew_mean     | 330      |
| time/              |          |
|    fps             | 455      |
|    iterations      | 82       |
|    time_elapsed    | 3683     |
|    total_timesteps | 1679360  |
---------------------------------
Eval num_timesteps=1680000, episode_reward=366.17 +/- 0.00
Episode length: 199.00 +/- 0.00
-----------------------------------------
| eval/                   |             |
|    mean_ep_length       | 199         |
|    mean_reward          | 366         |
| time/                   |             |
|    total_timesteps      | 1680000     |
| train/                  |             |
|    approx_kl            | 0.047496133 |
|    clip_fraction        | 0.37        |
|    clip_range           | 0.2         |
|    entropy_loss         | -7.59       |
|    explained_variance   | -7.75e-06   |
|    learning_rate        | 0.0003      |
|    loss                 | 0.497       |
|    n_updates            | 820         |
|    policy_gradient_loss | 0.0281      |
|    std                  | 0.631       |
|    value_loss           | 0.97        |
-----------------------------------------
Eval num_timesteps=1690000, episode_reward=366.17 +/- 0.00
Episode length: 199.00 +/- 0.00
---------------------------------
| eval/              |          |
|    mean_ep_length  | 199      |
|    mean_reward     | 366      |
| time/              |          |
|    total_timesteps | 1690000  |
---------------------------------
---------------------------------
| rollout/           |          |
|    ep_len_mean     | 199      |
|    ep_rew_mean     | 334      |
| time/              |          |
|    fps             | 455      |
|    iterations      | 83       |
|    time_elapsed    | 3730     |
|    total_timesteps | 1699840  |
---------------------------------
Eval num_timesteps=1700000, episode_reward=370.07 +/- 0.00
Episode length: 199.00 +/- 0.00
----------------------------------------
| eval/                   |            |
|    mean_ep_length       | 199        |
|    mean_reward          | 370        |
| time/                   |            |
|    total_timesteps      | 1700000    |
| train/                  |            |
|    approx_kl            | 0.06825845 |
|    clip_fraction        | 0.383      |
|    clip_range           | 0.2        |
|    entropy_loss         | -7.55      |
|    explained_variance   | 0          |
|    learning_rate        | 0.0003     |
|    loss                 | 0.414      |
|    n_updates            | 830        |
|    policy_gradient_loss | 0.0333     |
|    std                  | 0.626      |
|    value_loss           | 1.02       |
----------------------------------------
Eval num_timesteps=1710000, episode_reward=370.07 +/- 0.00
Episode length: 199.00 +/- 0.00
---------------------------------
| eval/              |          |
|    mean_ep_length  | 199      |
|    mean_reward     | 370      |
| time/              |          |
|    total_timesteps | 1710000  |
---------------------------------
Eval num_timesteps=1720000, episode_reward=370.07 +/- 0.00
Episode length: 199.00 +/- 0.00
---------------------------------
| eval/              |          |
|    mean_ep_length  | 199      |
|    mean_reward     | 370      |
| time/              |          |
|    total_timesteps | 1720000  |
---------------------------------
---------------------------------
| rollout/           |          |
|    ep_len_mean     | 199      |
|    ep_rew_mean     | 334      |
| time/              |          |
|    fps             | 455      |
|    iterations      | 84       |
|    time_elapsed    | 3780     |
|    total_timesteps | 1720320  |
---------------------------------
Eval num_timesteps=1730000, episode_reward=356.36 +/- 0.00
Episode length: 199.00 +/- 0.00
-----------------------------------------
| eval/                   |             |
|    mean_ep_length       | 199         |
|    mean_reward          | 356         |
| time/                   |             |
|    total_timesteps      | 1730000     |
| train/                  |             |
|    approx_kl            | 0.072323866 |
|    clip_fraction        | 0.395       |
|    clip_range           | 0.2         |
|    entropy_loss         | -7.5        |
|    explained_variance   | -2.38e-07   |
|    learning_rate        | 0.0003      |
|    loss                 | 0.743       |
|    n_updates            | 840         |
|    policy_gradient_loss | 0.046       |
|    std                  | 0.623       |
|    value_loss           | 1.2         |
-----------------------------------------
Eval num_timesteps=1740000, episode_reward=356.36 +/- 0.00
Episode length: 199.00 +/- 0.00
---------------------------------
| eval/              |          |
|    mean_ep_length  | 199      |
|    mean_reward     | 356      |
| time/              |          |
|    total_timesteps | 1740000  |
---------------------------------
---------------------------------
| rollout/           |          |
|    ep_len_mean     | 199      |
|    ep_rew_mean     | 329      |
| time/              |          |
|    fps             | 454      |
|    iterations      | 85       |
|    time_elapsed    | 3827     |
|    total_timesteps | 1740800  |
---------------------------------
Eval num_timesteps=1750000, episode_reward=319.78 +/- 0.00
Episode length: 199.00 +/- 0.00
----------------------------------------
| eval/                   |            |
|    mean_ep_length       | 199        |
|    mean_reward          | 320        |
| time/                   |            |
|    total_timesteps      | 1750000    |
| train/                  |            |
|    approx_kl            | 0.07033197 |
|    clip_fraction        | 0.385      |
|    clip_range           | 0.2        |
|    entropy_loss         | -7.44      |
|    explained_variance   | -2.38e-07  |
|    learning_rate        | 0.0003     |
|    loss                 | 0.795      |
|    n_updates            | 850        |
|    policy_gradient_loss | 0.0316     |
|    std                  | 0.616      |
|    value_loss           | 1.57       |
----------------------------------------
Eval num_timesteps=1760000, episode_reward=319.78 +/- 0.00
Episode length: 199.00 +/- 0.00
---------------------------------
| eval/              |          |
|    mean_ep_length  | 199      |
|    mean_reward     | 320      |
| time/              |          |
|    total_timesteps | 1760000  |
---------------------------------
---------------------------------
| rollout/           |          |
|    ep_len_mean     | 199      |
|    ep_rew_mean     | 309      |
| time/              |          |
|    fps             | 454      |
|    iterations      | 86       |
|    time_elapsed    | 3876     |
|    total_timesteps | 1761280  |
---------------------------------
Eval num_timesteps=1770000, episode_reward=339.42 +/- 0.00
Episode length: 199.00 +/- 0.00
----------------------------------------
| eval/                   |            |
|    mean_ep_length       | 199        |
|    mean_reward          | 339        |
| time/                   |            |
|    total_timesteps      | 1770000    |
| train/                  |            |
|    approx_kl            | 0.05905872 |
|    clip_fraction        | 0.392      |
|    clip_range           | 0.2        |
|    entropy_loss         | -7.39      |
|    explained_variance   | -2.38e-07  |
|    learning_rate        | 0.0003     |
|    loss                 | 1.52       |
|    n_updates            | 860        |
|    policy_gradient_loss | 0.0248     |
|    std                  | 0.616      |
|    value_loss           | 3.24       |
----------------------------------------
Eval num_timesteps=1780000, episode_reward=339.42 +/- 0.00
Episode length: 199.00 +/- 0.00
---------------------------------
| eval/              |          |
|    mean_ep_length  | 199      |
|    mean_reward     | 339      |
| time/              |          |
|    total_timesteps | 1780000  |
---------------------------------
---------------------------------
| rollout/           |          |
|    ep_len_mean     | 199      |
|    ep_rew_mean     | 319      |
| time/              |          |
|    fps             | 453      |
|    iterations      | 87       |
|    time_elapsed    | 3925     |
|    total_timesteps | 1781760  |
---------------------------------
Eval num_timesteps=1790000, episode_reward=367.01 +/- 0.00
Episode length: 199.00 +/- 0.00
-----------------------------------------
| eval/                   |             |
|    mean_ep_length       | 199         |
|    mean_reward          | 367         |
| time/                   |             |
|    total_timesteps      | 1790000     |
| train/                  |             |
|    approx_kl            | 0.057917275 |
|    clip_fraction        | 0.39        |
|    clip_range           | 0.2         |
|    entropy_loss         | -7.42       |
|    explained_variance   | -7.15e-07   |
|    learning_rate        | 0.0003      |
|    loss                 | 1.49        |
|    n_updates            | 870         |
|    policy_gradient_loss | 0.0299      |
|    std                  | 0.617       |
|    value_loss           | 2.7         |
-----------------------------------------
Eval num_timesteps=1800000, episode_reward=367.01 +/- 0.00
Episode length: 199.00 +/- 0.00
---------------------------------
| eval/              |          |
|    mean_ep_length  | 199      |
|    mean_reward     | 367      |
| time/              |          |
|    total_timesteps | 1800000  |
---------------------------------
---------------------------------
| rollout/           |          |
|    ep_len_mean     | 199      |
|    ep_rew_mean     | 335      |
| time/              |          |
|    fps             | 453      |
|    iterations      | 88       |
|    time_elapsed    | 3973     |
|    total_timesteps | 1802240  |
---------------------------------
Eval num_timesteps=1810000, episode_reward=372.61 +/- 0.00
Episode length: 199.00 +/- 0.00
-----------------------------------------
| eval/                   |             |
|    mean_ep_length       | 199         |
|    mean_reward          | 373         |
| time/                   |             |
|    total_timesteps      | 1810000     |
| train/                  |             |
|    approx_kl            | 0.069448575 |
|    clip_fraction        | 0.389       |
|    clip_range           | 0.2         |
|    entropy_loss         | -7.4        |
|    explained_variance   | 0           |
|    learning_rate        | 0.0003      |
|    loss                 | 0.853       |
|    n_updates            | 880         |
|    policy_gradient_loss | 0.0424      |
|    std                  | 0.615       |
|    value_loss           | 1.53        |
-----------------------------------------
Eval num_timesteps=1820000, episode_reward=372.61 +/- 0.00
Episode length: 199.00 +/- 0.00
---------------------------------
| eval/              |          |
|    mean_ep_length  | 199      |
|    mean_reward     | 373      |
| time/              |          |
|    total_timesteps | 1820000  |
---------------------------------
---------------------------------
| rollout/           |          |
|    ep_len_mean     | 199      |
|    ep_rew_mean     | 338      |
| time/              |          |
|    fps             | 453      |
|    iterations      | 89       |
|    time_elapsed    | 4020     |
|    total_timesteps | 1822720  |
---------------------------------
Eval num_timesteps=1830000, episode_reward=375.95 +/- 0.00
Episode length: 199.00 +/- 0.00
-----------------------------------------
| eval/                   |             |
|    mean_ep_length       | 199         |
|    mean_reward          | 376         |
| time/                   |             |
|    total_timesteps      | 1830000     |
| train/                  |             |
|    approx_kl            | 0.055655736 |
|    clip_fraction        | 0.358       |
|    clip_range           | 0.2         |
|    entropy_loss         | -7.35       |
|    explained_variance   | -7.15e-07   |
|    learning_rate        | 0.0003      |
|    loss                 | 0.37        |
|    n_updates            | 890         |
|    policy_gradient_loss | 0.0348      |
|    std                  | 0.613       |
|    value_loss           | 1.27        |
-----------------------------------------
Eval num_timesteps=1840000, episode_reward=375.95 +/- 0.00
Episode length: 199.00 +/- 0.00
---------------------------------
| eval/              |          |
|    mean_ep_length  | 199      |
|    mean_reward     | 376      |
| time/              |          |
|    total_timesteps | 1840000  |
---------------------------------
---------------------------------
| rollout/           |          |
|    ep_len_mean     | 199      |
|    ep_rew_mean     | 339      |
| time/              |          |
|    fps             | 453      |
|    iterations      | 90       |
|    time_elapsed    | 4067     |
|    total_timesteps | 1843200  |
---------------------------------
Eval num_timesteps=1850000, episode_reward=368.23 +/- 0.00
Episode length: 199.00 +/- 0.00
-----------------------------------------
| eval/                   |             |
|    mean_ep_length       | 199         |
|    mean_reward          | 368         |
| time/                   |             |
|    total_timesteps      | 1850000     |
| train/                  |             |
|    approx_kl            | 0.055620074 |
|    clip_fraction        | 0.371       |
|    clip_range           | 0.2         |
|    entropy_loss         | -7.32       |
|    explained_variance   | 0           |
|    learning_rate        | 0.0003      |
|    loss                 | 0.532       |
|    n_updates            | 900         |
|    policy_gradient_loss | 0.0426      |
|    std                  | 0.609       |
|    value_loss           | 1.06        |
-----------------------------------------
Eval num_timesteps=1860000, episode_reward=368.23 +/- 0.00
Episode length: 199.00 +/- 0.00
---------------------------------
| eval/              |          |
|    mean_ep_length  | 199      |
|    mean_reward     | 368      |
| time/              |          |
|    total_timesteps | 1860000  |
---------------------------------
---------------------------------
| rollout/           |          |
|    ep_len_mean     | 199      |
|    ep_rew_mean     | 338      |
| time/              |          |
|    fps             | 452      |
|    iterations      | 91       |
|    time_elapsed    | 4114     |
|    total_timesteps | 1863680  |
---------------------------------
Eval num_timesteps=1870000, episode_reward=356.13 +/- 0.00
Episode length: 199.00 +/- 0.00
-----------------------------------------
| eval/                   |             |
|    mean_ep_length       | 199         |
|    mean_reward          | 356         |
| time/                   |             |
|    total_timesteps      | 1870000     |
| train/                  |             |
|    approx_kl            | 0.052038796 |
|    clip_fraction        | 0.392       |
|    clip_range           | 0.2         |
|    entropy_loss         | -7.27       |
|    explained_variance   | -1.07e-06   |
|    learning_rate        | 0.0003      |
|    loss                 | 0.395       |
|    n_updates            | 910         |
|    policy_gradient_loss | 0.0402      |
|    std                  | 0.603       |
|    value_loss           | 0.891       |
-----------------------------------------
Eval num_timesteps=1880000, episode_reward=356.13 +/- 0.00
Episode length: 199.00 +/- 0.00
---------------------------------
| eval/              |          |
|    mean_ep_length  | 199      |
|    mean_reward     | 356      |
| time/              |          |
|    total_timesteps | 1880000  |
---------------------------------
---------------------------------
| rollout/           |          |
|    ep_len_mean     | 199      |
|    ep_rew_mean     | 333      |
| time/              |          |
|    fps             | 452      |
|    iterations      | 92       |
|    time_elapsed    | 4162     |
|    total_timesteps | 1884160  |
---------------------------------
Eval num_timesteps=1890000, episode_reward=374.46 +/- 0.00
Episode length: 199.00 +/- 0.00
----------------------------------------
| eval/                   |            |
|    mean_ep_length       | 199        |
|    mean_reward          | 374        |
| time/                   |            |
|    total_timesteps      | 1890000    |
| train/                  |            |
|    approx_kl            | 0.06350622 |
|    clip_fraction        | 0.396      |
|    clip_range           | 0.2        |
|    entropy_loss         | -7.19      |
|    explained_variance   | -4.77e-07  |
|    learning_rate        | 0.0003     |
|    loss                 | 0.291      |
|    n_updates            | 920        |
|    policy_gradient_loss | 0.0359     |
|    std                  | 0.598      |
|    value_loss           | 0.799      |
----------------------------------------
Eval num_timesteps=1900000, episode_reward=374.46 +/- 0.00
Episode length: 199.00 +/- 0.00
---------------------------------
| eval/              |          |
|    mean_ep_length  | 199      |
|    mean_reward     | 374      |
| time/              |          |
|    total_timesteps | 1900000  |
---------------------------------
---------------------------------
| rollout/           |          |
|    ep_len_mean     | 199      |
|    ep_rew_mean     | 339      |
| time/              |          |
|    fps             | 452      |
|    iterations      | 93       |
|    time_elapsed    | 4209     |
|    total_timesteps | 1904640  |
---------------------------------
Eval num_timesteps=1910000, episode_reward=374.15 +/- 0.00
Episode length: 199.00 +/- 0.00
-----------------------------------------
| eval/                   |             |
|    mean_ep_length       | 199         |
|    mean_reward          | 374         |
| time/                   |             |
|    total_timesteps      | 1910000     |
| train/                  |             |
|    approx_kl            | 0.050378747 |
|    clip_fraction        | 0.389       |
|    clip_range           | 0.2         |
|    entropy_loss         | -7.1        |
|    explained_variance   | 0           |
|    learning_rate        | 0.0003      |
|    loss                 | 0.423       |
|    n_updates            | 930         |
|    policy_gradient_loss | 0.0432      |
|    std                  | 0.592       |
|    value_loss           | 0.874       |
-----------------------------------------
Eval num_timesteps=1920000, episode_reward=374.15 +/- 0.00
Episode length: 199.00 +/- 0.00
---------------------------------
| eval/              |          |
|    mean_ep_length  | 199      |
|    mean_reward     | 374      |
| time/              |          |
|    total_timesteps | 1920000  |
---------------------------------
---------------------------------
| rollout/           |          |
|    ep_len_mean     | 199      |
|    ep_rew_mean     | 339      |
| time/              |          |
|    fps             | 452      |
|    iterations      | 94       |
|    time_elapsed    | 4255     |
|    total_timesteps | 1925120  |
---------------------------------
Eval num_timesteps=1930000, episode_reward=372.54 +/- 0.00
Episode length: 199.00 +/- 0.00
----------------------------------------
| eval/                   |            |
|    mean_ep_length       | 199        |
|    mean_reward          | 373        |
| time/                   |            |
|    total_timesteps      | 1930000    |
| train/                  |            |
|    approx_kl            | 0.04610372 |
|    clip_fraction        | 0.389      |
|    clip_range           | 0.2        |
|    entropy_loss         | -7.07      |
|    explained_variance   | -7.15e-07  |
|    learning_rate        | 0.0003     |
|    loss                 | 0.386      |
|    n_updates            | 940        |
|    policy_gradient_loss | 0.0425     |
|    std                  | 0.591      |
|    value_loss           | 1.03       |
----------------------------------------
Eval num_timesteps=1940000, episode_reward=372.54 +/- 0.00
Episode length: 199.00 +/- 0.00
---------------------------------
| eval/              |          |
|    mean_ep_length  | 199      |
|    mean_reward     | 373      |
| time/              |          |
|    total_timesteps | 1940000  |
---------------------------------
---------------------------------
| rollout/           |          |
|    ep_len_mean     | 199      |
|    ep_rew_mean     | 339      |
| time/              |          |
|    fps             | 452      |
|    iterations      | 95       |
|    time_elapsed    | 4303     |
|    total_timesteps | 1945600  |
---------------------------------
Eval num_timesteps=1950000, episode_reward=374.66 +/- 0.00
Episode length: 199.00 +/- 0.00
-----------------------------------------
| eval/                   |             |
|    mean_ep_length       | 199         |
|    mean_reward          | 375         |
| time/                   |             |
|    total_timesteps      | 1950000     |
| train/                  |             |
|    approx_kl            | 0.045900665 |
|    clip_fraction        | 0.382       |
|    clip_range           | 0.2         |
|    entropy_loss         | -7          |
|    explained_variance   | -6.79e-06   |
|    learning_rate        | 0.0003      |
|    loss                 | 0.524       |
|    n_updates            | 950         |
|    policy_gradient_loss | 0.0405      |
|    std                  | 0.584       |
|    value_loss           | 0.842       |
-----------------------------------------
Eval num_timesteps=1960000, episode_reward=374.66 +/- 0.00
Episode length: 199.00 +/- 0.00
---------------------------------
| eval/              |          |
|    mean_ep_length  | 199      |
|    mean_reward     | 375      |
| time/              |          |
|    total_timesteps | 1960000  |
---------------------------------
---------------------------------
| rollout/           |          |
|    ep_len_mean     | 199      |
|    ep_rew_mean     | 339      |
| time/              |          |
|    fps             | 451      |
|    iterations      | 96       |
|    time_elapsed    | 4350     |
|    total_timesteps | 1966080  |
---------------------------------
Eval num_timesteps=1970000, episode_reward=383.87 +/- 0.00
Episode length: 199.00 +/- 0.00
-----------------------------------------
| eval/                   |             |
|    mean_ep_length       | 199         |
|    mean_reward          | 384         |
| time/                   |             |
|    total_timesteps      | 1970000     |
| train/                  |             |
|    approx_kl            | 0.061660916 |
|    clip_fraction        | 0.383       |
|    clip_range           | 0.2         |
|    entropy_loss         | -6.92       |
|    explained_variance   | -1.38e-05   |
|    learning_rate        | 0.0003      |
|    loss                 | 0.372       |
|    n_updates            | 960         |
|    policy_gradient_loss | 0.0385      |
|    std                  | 0.579       |
|    value_loss           | 0.854       |
-----------------------------------------
New best mean reward!
Eval num_timesteps=1980000, episode_reward=383.87 +/- 0.00
Episode length: 199.00 +/- 0.00
---------------------------------
| eval/              |          |
|    mean_ep_length  | 199      |
|    mean_reward     | 384      |
| time/              |          |
|    total_timesteps | 1980000  |
---------------------------------
---------------------------------
| rollout/           |          |
|    ep_len_mean     | 199      |
|    ep_rew_mean     | 342      |
| time/              |          |
|    fps             | 451      |
|    iterations      | 97       |
|    time_elapsed    | 4397     |
|    total_timesteps | 1986560  |
---------------------------------
Eval num_timesteps=1990000, episode_reward=372.25 +/- 0.00
Episode length: 199.00 +/- 0.00
----------------------------------------
| eval/                   |            |
|    mean_ep_length       | 199        |
|    mean_reward          | 372        |
| time/                   |            |
|    total_timesteps      | 1990000    |
| train/                  |            |
|    approx_kl            | 0.07921948 |
|    clip_fraction        | 0.39       |
|    clip_range           | 0.2        |
|    entropy_loss         | -6.83      |
|    explained_variance   | 0          |
|    learning_rate        | 0.0003     |
|    loss                 | 0.537      |
|    n_updates            | 970        |
|    policy_gradient_loss | 0.0478     |
|    std                  | 0.573      |
|    value_loss           | 0.833      |
----------------------------------------
Eval num_timesteps=2000000, episode_reward=372.25 +/- 0.00
Episode length: 199.00 +/- 0.00
---------------------------------
| eval/              |          |
|    mean_ep_length  | 199      |
|    mean_reward     | 372      |
| time/              |          |
|    total_timesteps | 2000000  |
---------------------------------
---------------------------------
| rollout/           |          |
|    ep_len_mean     | 199      |
|    ep_rew_mean     | 341      |
| time/              |          |
|    fps             | 451      |
|    iterations      | 98       |
|    time_elapsed    | 4446     |
|    total_timesteps | 2007040  |
---------------------------------
Eval num_timesteps=2010000, episode_reward=333.08 +/- 0.00
Episode length: 199.00 +/- 0.00
----------------------------------------
| eval/                   |            |
|    mean_ep_length       | 199        |
|    mean_reward          | 333        |
| time/                   |            |
|    total_timesteps      | 2010000    |
| train/                  |            |
|    approx_kl            | 0.07169048 |
|    clip_fraction        | 0.403      |
|    clip_range           | 0.2        |
|    entropy_loss         | -6.76      |
|    explained_variance   | -7.27e-06  |
|    learning_rate        | 0.0003     |
|    loss                 | 0.734      |
|    n_updates            | 980        |
|    policy_gradient_loss | 0.0488     |
|    std                  | 0.57       |
|    value_loss           | 0.852      |
----------------------------------------
Eval num_timesteps=2020000, episode_reward=333.08 +/- 0.00
Episode length: 199.00 +/- 0.00
---------------------------------
| eval/              |          |
|    mean_ep_length  | 199      |
|    mean_reward     | 333      |
| time/              |          |
|    total_timesteps | 2020000  |
---------------------------------
---------------------------------
| rollout/           |          |
|    ep_len_mean     | 199      |
|    ep_rew_mean     | 325      |
| time/              |          |
|    fps             | 451      |
|    iterations      | 99       |
|    time_elapsed    | 4493     |
|    total_timesteps | 2027520  |
---------------------------------
Eval num_timesteps=2030000, episode_reward=320.82 +/- 0.00
Episode length: 199.00 +/- 0.00
-----------------------------------------
| eval/                   |             |
|    mean_ep_length       | 199         |
|    mean_reward          | 321         |
| time/                   |             |
|    total_timesteps      | 2030000     |
| train/                  |             |
|    approx_kl            | 0.051232614 |
|    clip_fraction        | 0.378       |
|    clip_range           | 0.2         |
|    entropy_loss         | -6.74       |
|    explained_variance   | 0           |
|    learning_rate        | 0.0003      |
|    loss                 | 0.352       |
|    n_updates            | 990         |
|    policy_gradient_loss | 0.0209      |
|    std                  | 0.567       |
|    value_loss           | 0.855       |
-----------------------------------------
Eval num_timesteps=2040000, episode_reward=320.82 +/- 0.00
Episode length: 199.00 +/- 0.00
---------------------------------
| eval/              |          |
|    mean_ep_length  | 199      |
|    mean_reward     | 321      |
| time/              |          |
|    total_timesteps | 2040000  |
---------------------------------
---------------------------------
| rollout/           |          |
|    ep_len_mean     | 199      |
|    ep_rew_mean     | 318      |
| time/              |          |
|    fps             | 450      |
|    iterations      | 100      |
|    time_elapsed    | 4541     |
|    total_timesteps | 2048000  |
---------------------------------
Eval num_timesteps=2050000, episode_reward=374.88 +/- 0.00
Episode length: 199.00 +/- 0.00
-----------------------------------------
| eval/                   |             |
|    mean_ep_length       | 199         |
|    mean_reward          | 375         |
| time/                   |             |
|    total_timesteps      | 2050000     |
| train/                  |             |
|    approx_kl            | 0.055435725 |
|    clip_fraction        | 0.404       |
|    clip_range           | 0.2         |
|    entropy_loss         | -6.7        |
|    explained_variance   | -5.13e-06   |
|    learning_rate        | 0.0003      |
|    loss                 | 0.592       |
|    n_updates            | 1000        |
|    policy_gradient_loss | 0.0258      |
|    std                  | 0.564       |
|    value_loss           | 1.09        |
-----------------------------------------
Eval num_timesteps=2060000, episode_reward=374.88 +/- 0.00
Episode length: 199.00 +/- 0.00
---------------------------------
| eval/              |          |
|    mean_ep_length  | 199      |
|    mean_reward     | 375      |
| time/              |          |
|    total_timesteps | 2060000  |
---------------------------------
---------------------------------
| rollout/           |          |
|    ep_len_mean     | 199      |
|    ep_rew_mean     | 341      |
| time/              |          |
|    fps             | 450      |
|    iterations      | 101      |
|    time_elapsed    | 4587     |
|    total_timesteps | 2068480  |
---------------------------------
Eval num_timesteps=2070000, episode_reward=374.66 +/- 0.00
Episode length: 199.00 +/- 0.00
----------------------------------------
| eval/                   |            |
|    mean_ep_length       | 199        |
|    mean_reward          | 375        |
| time/                   |            |
|    total_timesteps      | 2070000    |
| train/                  |            |
|    approx_kl            | 0.10694623 |
|    clip_fraction        | 0.434      |
|    clip_range           | 0.2        |
|    entropy_loss         | -6.65      |
|    explained_variance   | 1.19e-07   |
|    learning_rate        | 0.0003     |
|    loss                 | 0.466      |
|    n_updates            | 1010       |
|    policy_gradient_loss | 0.057      |
|    std                  | 0.561      |
|    value_loss           | 1.02       |
----------------------------------------
Eval num_timesteps=2080000, episode_reward=374.66 +/- 0.00
Episode length: 199.00 +/- 0.00
---------------------------------
| eval/              |          |
|    mean_ep_length  | 199      |
|    mean_reward     | 375      |
| time/              |          |
|    total_timesteps | 2080000  |
---------------------------------
---------------------------------
| rollout/           |          |
|    ep_len_mean     | 199      |
|    ep_rew_mean     | 342      |
| time/              |          |
|    fps             | 450      |
|    iterations      | 102      |
|    time_elapsed    | 4635     |
|    total_timesteps | 2088960  |
---------------------------------
Eval num_timesteps=2090000, episode_reward=381.42 +/- 0.00
Episode length: 199.00 +/- 0.00
-----------------------------------------
| eval/                   |             |
|    mean_ep_length       | 199         |
|    mean_reward          | 381         |
| time/                   |             |
|    total_timesteps      | 2090000     |
| train/                  |             |
|    approx_kl            | 0.059992254 |
|    clip_fraction        | 0.384       |
|    clip_range           | 0.2         |
|    entropy_loss         | -6.58       |
|    explained_variance   | 0           |
|    learning_rate        | 0.0003      |
|    loss                 | 0.384       |
|    n_updates            | 1020        |
|    policy_gradient_loss | 0.0431      |
|    std                  | 0.558       |
|    value_loss           | 0.939       |
-----------------------------------------
Eval num_timesteps=2100000, episode_reward=381.42 +/- 0.00
Episode length: 199.00 +/- 0.00
---------------------------------
| eval/              |          |
|    mean_ep_length  | 199      |
|    mean_reward     | 381      |
| time/              |          |
|    total_timesteps | 2100000  |
---------------------------------
---------------------------------
| rollout/           |          |
|    ep_len_mean     | 199      |
|    ep_rew_mean     | 344      |
| time/              |          |
|    fps             | 450      |
|    iterations      | 103      |
|    time_elapsed    | 4682     |
|    total_timesteps | 2109440  |
---------------------------------
Eval num_timesteps=2110000, episode_reward=371.62 +/- 0.00
Episode length: 199.00 +/- 0.00
----------------------------------------
| eval/                   |            |
|    mean_ep_length       | 199        |
|    mean_reward          | 372        |
| time/                   |            |
|    total_timesteps      | 2110000    |
| train/                  |            |
|    approx_kl            | 0.06623789 |
|    clip_fraction        | 0.417      |
|    clip_range           | 0.2        |
|    entropy_loss         | -6.51      |
|    explained_variance   | -1.44e-05  |
|    learning_rate        | 0.0003     |
|    loss                 | 0.304      |
|    n_updates            | 1030       |
|    policy_gradient_loss | 0.0521     |
|    std                  | 0.553      |
|    value_loss           | 0.851      |
----------------------------------------
Eval num_timesteps=2120000, episode_reward=371.62 +/- 0.00
Episode length: 199.00 +/- 0.00
---------------------------------
| eval/              |          |
|    mean_ep_length  | 199      |
|    mean_reward     | 372      |
| time/              |          |
|    total_timesteps | 2120000  |
---------------------------------
---------------------------------
| rollout/           |          |
|    ep_len_mean     | 199      |
|    ep_rew_mean     | 342      |
| time/              |          |
|    fps             | 450      |
|    iterations      | 104      |
|    time_elapsed    | 4729     |
|    total_timesteps | 2129920  |
---------------------------------
Eval num_timesteps=2130000, episode_reward=382.64 +/- 0.00
Episode length: 199.00 +/- 0.00
-----------------------------------------
| eval/                   |             |
|    mean_ep_length       | 199         |
|    mean_reward          | 383         |
| time/                   |             |
|    total_timesteps      | 2130000     |
| train/                  |             |
|    approx_kl            | 0.062175106 |
|    clip_fraction        | 0.397       |
|    clip_range           | 0.2         |
|    entropy_loss         | -6.46       |
|    explained_variance   | 3.58e-07    |
|    learning_rate        | 0.0003      |
|    loss                 | 0.383       |
|    n_updates            | 1040        |
|    policy_gradient_loss | 0.0457      |
|    std                  | 0.549       |
|    value_loss           | 0.899       |
-----------------------------------------
Eval num_timesteps=2140000, episode_reward=382.64 +/- 0.00
Episode length: 199.00 +/- 0.00
---------------------------------
| eval/              |          |
|    mean_ep_length  | 199      |
|    mean_reward     | 383      |
| time/              |          |
|    total_timesteps | 2140000  |
---------------------------------
Eval num_timesteps=2150000, episode_reward=382.64 +/- 0.00
Episode length: 199.00 +/- 0.00
---------------------------------
| eval/              |          |
|    mean_ep_length  | 199      |
|    mean_reward     | 383      |
| time/              |          |
|    total_timesteps | 2150000  |
---------------------------------
---------------------------------
| rollout/           |          |
|    ep_len_mean     | 199      |
|    ep_rew_mean     | 344      |
| time/              |          |
|    fps             | 450      |
|    iterations      | 105      |
|    time_elapsed    | 4777     |
|    total_timesteps | 2150400  |
---------------------------------
Eval num_timesteps=2160000, episode_reward=382.21 +/- 0.00
Episode length: 199.00 +/- 0.00
-----------------------------------------
| eval/                   |             |
|    mean_ep_length       | 199         |
|    mean_reward          | 382         |
| time/                   |             |
|    total_timesteps      | 2160000     |
| train/                  |             |
|    approx_kl            | 0.063591436 |
|    clip_fraction        | 0.392       |
|    clip_range           | 0.2         |
|    entropy_loss         | -6.41       |
|    explained_variance   | 1.79e-07    |
|    learning_rate        | 0.0003      |
|    loss                 | 0.355       |
|    n_updates            | 1050        |
|    policy_gradient_loss | 0.0454      |
|    std                  | 0.546       |
|    value_loss           | 0.884       |
-----------------------------------------
Eval num_timesteps=2170000, episode_reward=382.21 +/- 0.00
Episode length: 199.00 +/- 0.00
---------------------------------
| eval/              |          |
|    mean_ep_length  | 199      |
|    mean_reward     | 382      |
| time/              |          |
|    total_timesteps | 2170000  |
---------------------------------
---------------------------------
| rollout/           |          |
|    ep_len_mean     | 199      |
|    ep_rew_mean     | 344      |
| time/              |          |
|    fps             | 449      |
|    iterations      | 106      |
|    time_elapsed    | 4824     |
|    total_timesteps | 2170880  |
---------------------------------
Eval num_timesteps=2180000, episode_reward=378.58 +/- 0.00
Episode length: 199.00 +/- 0.00
-----------------------------------------
| eval/                   |             |
|    mean_ep_length       | 199         |
|    mean_reward          | 379         |
| time/                   |             |
|    total_timesteps      | 2180000     |
| train/                  |             |
|    approx_kl            | 0.060642414 |
|    clip_fraction        | 0.413       |
|    clip_range           | 0.2         |
|    entropy_loss         | -6.34       |
|    explained_variance   | -2.38e-07   |
|    learning_rate        | 0.0003      |
|    loss                 | 0.312       |
|    n_updates            | 1060        |
|    policy_gradient_loss | 0.0517      |
|    std                  | 0.541       |
|    value_loss           | 0.928       |
-----------------------------------------
Eval num_timesteps=2190000, episode_reward=378.58 +/- 0.00
Episode length: 199.00 +/- 0.00
---------------------------------
| eval/              |          |
|    mean_ep_length  | 199      |
|    mean_reward     | 379      |
| time/              |          |
|    total_timesteps | 2190000  |
---------------------------------
---------------------------------
| rollout/           |          |
|    ep_len_mean     | 199      |
|    ep_rew_mean     | 345      |
| time/              |          |
|    fps             | 449      |
|    iterations      | 107      |
|    time_elapsed    | 4872     |
|    total_timesteps | 2191360  |
---------------------------------
Eval num_timesteps=2200000, episode_reward=383.72 +/- 0.00
Episode length: 199.00 +/- 0.00
----------------------------------------
| eval/                   |            |
|    mean_ep_length       | 199        |
|    mean_reward          | 384        |
| time/                   |            |
|    total_timesteps      | 2200000    |
| train/                  |            |
|    approx_kl            | 0.05891039 |
|    clip_fraction        | 0.41       |
|    clip_range           | 0.2        |
|    entropy_loss         | -6.29      |
|    explained_variance   | -4.05e-06  |
|    learning_rate        | 0.0003     |
|    loss                 | 0.4        |
|    n_updates            | 1070       |
|    policy_gradient_loss | 0.0525     |
|    std                  | 0.537      |
|    value_loss           | 0.831      |
----------------------------------------
Eval num_timesteps=2210000, episode_reward=383.72 +/- 0.00
Episode length: 199.00 +/- 0.00
---------------------------------
| eval/              |          |
|    mean_ep_length  | 199      |
|    mean_reward     | 384      |
| time/              |          |
|    total_timesteps | 2210000  |
---------------------------------
---------------------------------
| rollout/           |          |
|    ep_len_mean     | 199      |
|    ep_rew_mean     | 344      |
| time/              |          |
|    fps             | 449      |
|    iterations      | 108      |
|    time_elapsed    | 4920     |
|    total_timesteps | 2211840  |
---------------------------------
Eval num_timesteps=2220000, episode_reward=382.16 +/- 0.00
Episode length: 199.00 +/- 0.00
-----------------------------------------
| eval/                   |             |
|    mean_ep_length       | 199         |
|    mean_reward          | 382         |
| time/                   |             |
|    total_timesteps      | 2220000     |
| train/                  |             |
|    approx_kl            | 0.047926467 |
|    clip_fraction        | 0.394       |
|    clip_range           | 0.2         |
|    entropy_loss         | -6.22       |
|    explained_variance   | 0           |
|    learning_rate        | 0.0003      |
|    loss                 | 0.39        |
|    n_updates            | 1080        |
|    policy_gradient_loss | 0.0434      |
|    std                  | 0.533       |
|    value_loss           | 0.771       |
-----------------------------------------
Eval num_timesteps=2230000, episode_reward=382.16 +/- 0.00
Episode length: 199.00 +/- 0.00
---------------------------------
| eval/              |          |
|    mean_ep_length  | 199      |
|    mean_reward     | 382      |
| time/              |          |
|    total_timesteps | 2230000  |
---------------------------------
---------------------------------
| rollout/           |          |
|    ep_len_mean     | 199      |
|    ep_rew_mean     | 345      |
| time/              |          |
|    fps             | 449      |
|    iterations      | 109      |
|    time_elapsed    | 4967     |
|    total_timesteps | 2232320  |
---------------------------------
Eval num_timesteps=2240000, episode_reward=376.53 +/- 0.00
Episode length: 199.00 +/- 0.00
-----------------------------------------
| eval/                   |             |
|    mean_ep_length       | 199         |
|    mean_reward          | 377         |
| time/                   |             |
|    total_timesteps      | 2240000     |
| train/                  |             |
|    approx_kl            | 0.057728328 |
|    clip_fraction        | 0.396       |
|    clip_range           | 0.2         |
|    entropy_loss         | -6.13       |
|    explained_variance   | -1.51e-05   |
|    learning_rate        | 0.0003      |
|    loss                 | 0.565       |
|    n_updates            | 1090        |
|    policy_gradient_loss | 0.0469      |
|    std                  | 0.527       |
|    value_loss           | 0.728       |
-----------------------------------------
Eval num_timesteps=2250000, episode_reward=376.53 +/- 0.00
Episode length: 199.00 +/- 0.00
---------------------------------
| eval/              |          |
|    mean_ep_length  | 199      |
|    mean_reward     | 377      |
| time/              |          |
|    total_timesteps | 2250000  |
---------------------------------
---------------------------------
| rollout/           |          |
|    ep_len_mean     | 199      |
|    ep_rew_mean     | 346      |
| time/              |          |
|    fps             | 449      |
|    iterations      | 110      |
|    time_elapsed    | 5014     |
|    total_timesteps | 2252800  |
---------------------------------
Eval num_timesteps=2260000, episode_reward=380.95 +/- 0.00
Episode length: 199.00 +/- 0.00
----------------------------------------
| eval/                   |            |
|    mean_ep_length       | 199        |
|    mean_reward          | 381        |
| time/                   |            |
|    total_timesteps      | 2260000    |
| train/                  |            |
|    approx_kl            | 0.05563693 |
|    clip_fraction        | 0.387      |
|    clip_range           | 0.2        |
|    entropy_loss         | -6.09      |
|    explained_variance   | -7.03e-06  |
|    learning_rate        | 0.0003     |
|    loss                 | 0.376      |
|    n_updates            | 1100       |
|    policy_gradient_loss | 0.0422     |
|    std                  | 0.525      |
|    value_loss           | 0.758      |
----------------------------------------
Eval num_timesteps=2270000, episode_reward=380.95 +/- 0.00
Episode length: 199.00 +/- 0.00
---------------------------------
| eval/              |          |
|    mean_ep_length  | 199      |
|    mean_reward     | 381      |
| time/              |          |
|    total_timesteps | 2270000  |
---------------------------------
---------------------------------
| rollout/           |          |
|    ep_len_mean     | 199      |
|    ep_rew_mean     | 346      |
| time/              |          |
|    fps             | 449      |
|    iterations      | 111      |
|    time_elapsed    | 5060     |
|    total_timesteps | 2273280  |
---------------------------------
Eval num_timesteps=2280000, episode_reward=383.10 +/- 0.00
Episode length: 199.00 +/- 0.00
-----------------------------------------
| eval/                   |             |
|    mean_ep_length       | 199         |
|    mean_reward          | 383         |
| time/                   |             |
|    total_timesteps      | 2280000     |
| train/                  |             |
|    approx_kl            | 0.058249034 |
|    clip_fraction        | 0.395       |
|    clip_range           | 0.2         |
|    entropy_loss         | -6.02       |
|    explained_variance   | -1.55e-06   |
|    learning_rate        | 0.0003      |
|    loss                 | 0.322       |
|    n_updates            | 1110        |
|    policy_gradient_loss | 0.0421      |
|    std                  | 0.522       |
|    value_loss           | 0.814       |
-----------------------------------------
Eval num_timesteps=2290000, episode_reward=383.10 +/- 0.00
Episode length: 199.00 +/- 0.00
---------------------------------
| eval/              |          |
|    mean_ep_length  | 199      |
|    mean_reward     | 383      |
| time/              |          |
|    total_timesteps | 2290000  |
---------------------------------
---------------------------------
| rollout/           |          |
|    ep_len_mean     | 199      |
|    ep_rew_mean     | 347      |
| time/              |          |
|    fps             | 449      |
|    iterations      | 112      |
|    time_elapsed    | 5106     |
|    total_timesteps | 2293760  |
---------------------------------
Eval num_timesteps=2300000, episode_reward=374.94 +/- 0.00
Episode length: 199.00 +/- 0.00
-----------------------------------------
| eval/                   |             |
|    mean_ep_length       | 199         |
|    mean_reward          | 375         |
| time/                   |             |
|    total_timesteps      | 2300000     |
| train/                  |             |
|    approx_kl            | 0.054956723 |
|    clip_fraction        | 0.403       |
|    clip_range           | 0.2         |
|    entropy_loss         | -5.98       |
|    explained_variance   | -9.54e-07   |
|    learning_rate        | 0.0003      |
|    loss                 | 0.378       |
|    n_updates            | 1120        |
|    policy_gradient_loss | 0.0531      |
|    std                  | 0.517       |
|    value_loss           | 0.754       |
-----------------------------------------
Eval num_timesteps=2310000, episode_reward=374.94 +/- 0.00
Episode length: 199.00 +/- 0.00
---------------------------------
| eval/              |          |
|    mean_ep_length  | 199      |
|    mean_reward     | 375      |
| time/              |          |
|    total_timesteps | 2310000  |
---------------------------------
---------------------------------
| rollout/           |          |
|    ep_len_mean     | 199      |
|    ep_rew_mean     | 346      |
| time/              |          |
|    fps             | 448      |
|    iterations      | 113      |
|    time_elapsed    | 5154     |
|    total_timesteps | 2314240  |
---------------------------------
Eval num_timesteps=2320000, episode_reward=378.08 +/- 0.00
Episode length: 199.00 +/- 0.00
-----------------------------------------
| eval/                   |             |
|    mean_ep_length       | 199         |
|    mean_reward          | 378         |
| time/                   |             |
|    total_timesteps      | 2320000     |
| train/                  |             |
|    approx_kl            | 0.083793245 |
|    clip_fraction        | 0.405       |
|    clip_range           | 0.2         |
|    entropy_loss         | -5.9        |
|    explained_variance   | -8.34e-07   |
|    learning_rate        | 0.0003      |
|    loss                 | 0.408       |
|    n_updates            | 1130        |
|    policy_gradient_loss | 0.0439      |
|    std                  | 0.512       |
|    value_loss           | 0.716       |
-----------------------------------------
Eval num_timesteps=2330000, episode_reward=378.08 +/- 0.00
Episode length: 199.00 +/- 0.00
---------------------------------
| eval/              |          |
|    mean_ep_length  | 199      |
|    mean_reward     | 378      |
| time/              |          |
|    total_timesteps | 2330000  |
---------------------------------
---------------------------------
| rollout/           |          |
|    ep_len_mean     | 199      |
|    ep_rew_mean     | 348      |
| time/              |          |
|    fps             | 448      |
|    iterations      | 114      |
|    time_elapsed    | 5202     |
|    total_timesteps | 2334720  |
---------------------------------
Eval num_timesteps=2340000, episode_reward=335.29 +/- 0.00
Episode length: 199.00 +/- 0.00
----------------------------------------
| eval/                   |            |
|    mean_ep_length       | 199        |
|    mean_reward          | 335        |
| time/                   |            |
|    total_timesteps      | 2340000    |
| train/                  |            |
|    approx_kl            | 0.07317765 |
|    clip_fraction        | 0.416      |
|    clip_range           | 0.2        |
|    entropy_loss         | -5.82      |
|    explained_variance   | -8.34e-07  |
|    learning_rate        | 0.0003     |
|    loss                 | 0.521      |
|    n_updates            | 1140       |
|    policy_gradient_loss | 0.0504     |
|    std                  | 0.507      |
|    value_loss           | 0.76       |
----------------------------------------
Eval num_timesteps=2350000, episode_reward=335.29 +/- 0.00
Episode length: 199.00 +/- 0.00
---------------------------------
| eval/              |          |
|    mean_ep_length  | 199      |
|    mean_reward     | 335      |
| time/              |          |
|    total_timesteps | 2350000  |
---------------------------------
---------------------------------
| rollout/           |          |
|    ep_len_mean     | 199      |
|    ep_rew_mean     | 329      |
| time/              |          |
|    fps             | 448      |
|    iterations      | 115      |
|    time_elapsed    | 5248     |
|    total_timesteps | 2355200  |
---------------------------------
Eval num_timesteps=2360000, episode_reward=330.37 +/- 0.00
Episode length: 199.00 +/- 0.00
-----------------------------------------
| eval/                   |             |
|    mean_ep_length       | 199         |
|    mean_reward          | 330         |
| time/                   |             |
|    total_timesteps      | 2360000     |
| train/                  |             |
|    approx_kl            | 0.065658554 |
|    clip_fraction        | 0.412       |
|    clip_range           | 0.2         |
|    entropy_loss         | -5.81       |
|    explained_variance   | -1.43e-06   |
|    learning_rate        | 0.0003      |
|    loss                 | 1.07        |
|    n_updates            | 1150        |
|    policy_gradient_loss | 0.036       |
|    std                  | 0.509       |
|    value_loss           | 1.6         |
-----------------------------------------
Eval num_timesteps=2370000, episode_reward=330.37 +/- 0.00
Episode length: 199.00 +/- 0.00
---------------------------------
| eval/              |          |
|    mean_ep_length  | 199      |
|    mean_reward     | 330      |
| time/              |          |
|    total_timesteps | 2370000  |
---------------------------------
---------------------------------
| rollout/           |          |
|    ep_len_mean     | 199      |
|    ep_rew_mean     | 324      |
| time/              |          |
|    fps             | 448      |
|    iterations      | 116      |
|    time_elapsed    | 5297     |
|    total_timesteps | 2375680  |
---------------------------------
Eval num_timesteps=2380000, episode_reward=328.02 +/- 0.00
Episode length: 199.00 +/- 0.00
-----------------------------------------
| eval/                   |             |
|    mean_ep_length       | 199         |
|    mean_reward          | 328         |
| time/                   |             |
|    total_timesteps      | 2380000     |
| train/                  |             |
|    approx_kl            | 0.048430786 |
|    clip_fraction        | 0.414       |
|    clip_range           | 0.2         |
|    entropy_loss         | -5.82       |
|    explained_variance   | -8.34e-07   |
|    learning_rate        | 0.0003      |
|    loss                 | 1.19        |
|    n_updates            | 1160        |
|    policy_gradient_loss | 0.0359      |
|    std                  | 0.509       |
|    value_loss           | 2.41        |
-----------------------------------------
Eval num_timesteps=2390000, episode_reward=328.02 +/- 0.00
Episode length: 199.00 +/- 0.00
---------------------------------
| eval/              |          |
|    mean_ep_length  | 199      |
|    mean_reward     | 328      |
| time/              |          |
|    total_timesteps | 2390000  |
---------------------------------
---------------------------------
| rollout/           |          |
|    ep_len_mean     | 199      |
|    ep_rew_mean     | 322      |
| time/              |          |
|    fps             | 448      |
|    iterations      | 117      |
|    time_elapsed    | 5346     |
|    total_timesteps | 2396160  |
---------------------------------
Eval num_timesteps=2400000, episode_reward=306.96 +/- 0.00
Episode length: 199.00 +/- 0.00
----------------------------------------
| eval/                   |            |
|    mean_ep_length       | 199        |
|    mean_reward          | 307        |
| time/                   |            |
|    total_timesteps      | 2400000    |
| train/                  |            |
|    approx_kl            | 0.06771518 |
|    clip_fraction        | 0.403      |
|    clip_range           | 0.2        |
|    entropy_loss         | -5.83      |
|    explained_variance   | 0          |
|    learning_rate        | 0.0003     |
|    loss                 | 1.1        |
|    n_updates            | 1170       |
|    policy_gradient_loss | 0.0301     |
|    std                  | 0.51       |
|    value_loss           | 2.03       |
----------------------------------------
Eval num_timesteps=2410000, episode_reward=306.96 +/- 0.00
Episode length: 199.00 +/- 0.00
---------------------------------
| eval/              |          |
|    mean_ep_length  | 199      |
|    mean_reward     | 307      |
| time/              |          |
|    total_timesteps | 2410000  |
---------------------------------
---------------------------------
| rollout/           |          |
|    ep_len_mean     | 199      |
|    ep_rew_mean     | 306      |
| time/              |          |
|    fps             | 447      |
|    iterations      | 118      |
|    time_elapsed    | 5394     |
|    total_timesteps | 2416640  |
---------------------------------
Eval num_timesteps=2420000, episode_reward=302.42 +/- 0.00
Episode length: 199.00 +/- 0.00
-----------------------------------------
| eval/                   |             |
|    mean_ep_length       | 199         |
|    mean_reward          | 302         |
| time/                   |             |
|    total_timesteps      | 2420000     |
| train/                  |             |
|    approx_kl            | 0.073081926 |
|    clip_fraction        | 0.408       |
|    clip_range           | 0.2         |
|    entropy_loss         | -5.82       |
|    explained_variance   | 0           |
|    learning_rate        | 0.0003      |
|    loss                 | 1.57        |
|    n_updates            | 1180        |
|    policy_gradient_loss | 0.033       |
|    std                  | 0.51        |
|    value_loss           | 3.55        |
-----------------------------------------
Eval num_timesteps=2430000, episode_reward=302.42 +/- 0.00
Episode length: 199.00 +/- 0.00
---------------------------------
| eval/              |          |
|    mean_ep_length  | 199      |
|    mean_reward     | 302      |
| time/              |          |
|    total_timesteps | 2430000  |
---------------------------------
---------------------------------
| rollout/           |          |
|    ep_len_mean     | 199      |
|    ep_rew_mean     | 302      |
| time/              |          |
|    fps             | 447      |
|    iterations      | 119      |
|    time_elapsed    | 5443     |
|    total_timesteps | 2437120  |
---------------------------------
Eval num_timesteps=2440000, episode_reward=295.98 +/- 0.00
Episode length: 199.00 +/- 0.00
-----------------------------------------
| eval/                   |             |
|    mean_ep_length       | 199         |
|    mean_reward          | 296         |
| time/                   |             |
|    total_timesteps      | 2440000     |
| train/                  |             |
|    approx_kl            | 0.057065636 |
|    clip_fraction        | 0.393       |
|    clip_range           | 0.2         |
|    entropy_loss         | -5.82       |
|    explained_variance   | -3.93e-06   |
|    learning_rate        | 0.0003      |
|    loss                 | 1.43        |
|    n_updates            | 1190        |
|    policy_gradient_loss | 0.0267      |
|    std                  | 0.512       |
|    value_loss           | 3.19        |
-----------------------------------------
Eval num_timesteps=2450000, episode_reward=295.98 +/- 0.00
Episode length: 199.00 +/- 0.00
---------------------------------
| eval/              |          |
|    mean_ep_length  | 199      |
|    mean_reward     | 296      |
| time/              |          |
|    total_timesteps | 2450000  |
---------------------------------
---------------------------------
| rollout/           |          |
|    ep_len_mean     | 199      |
|    ep_rew_mean     | 297      |
| time/              |          |
|    fps             | 447      |
|    iterations      | 120      |
|    time_elapsed    | 5489     |
|    total_timesteps | 2457600  |
---------------------------------
Eval num_timesteps=2460000, episode_reward=274.57 +/- 0.00
Episode length: 199.00 +/- 0.00
----------------------------------------
| eval/                   |            |
|    mean_ep_length       | 199        |
|    mean_reward          | 275        |
| time/                   |            |
|    total_timesteps      | 2460000    |
| train/                  |            |
|    approx_kl            | 0.06064425 |
|    clip_fraction        | 0.399      |
|    clip_range           | 0.2        |
|    entropy_loss         | -5.84      |
|    explained_variance   | 0          |
|    learning_rate        | 0.0003     |
|    loss                 | 1.51       |
|    n_updates            | 1200       |
|    policy_gradient_loss | 0.0276     |
|    std                  | 0.514      |
|    value_loss           | 2.43       |
----------------------------------------
Eval num_timesteps=2470000, episode_reward=274.57 +/- 0.00
Episode length: 199.00 +/- 0.00
---------------------------------
| eval/              |          |
|    mean_ep_length  | 199      |
|    mean_reward     | 275      |
| time/              |          |
|    total_timesteps | 2470000  |
---------------------------------
---------------------------------
| rollout/           |          |
|    ep_len_mean     | 199      |
|    ep_rew_mean     | 279      |
| time/              |          |
|    fps             | 447      |
|    iterations      | 121      |
|    time_elapsed    | 5536     |
|    total_timesteps | 2478080  |
---------------------------------
Eval num_timesteps=2480000, episode_reward=269.48 +/- 0.00
Episode length: 199.00 +/- 0.00
-----------------------------------------
| eval/                   |             |
|    mean_ep_length       | 199         |
|    mean_reward          | 269         |
| time/                   |             |
|    total_timesteps      | 2480000     |
| train/                  |             |
|    approx_kl            | 0.063852586 |
|    clip_fraction        | 0.395       |
|    clip_range           | 0.2         |
|    entropy_loss         | -5.87       |
|    explained_variance   | 0           |
|    learning_rate        | 0.0003      |
|    loss                 | 1.35        |
|    n_updates            | 1210        |
|    policy_gradient_loss | 0.0226      |
|    std                  | 0.515       |
|    value_loss           | 2.61        |
-----------------------------------------
Eval num_timesteps=2490000, episode_reward=269.48 +/- 0.00
Episode length: 199.00 +/- 0.00
---------------------------------
| eval/              |          |
|    mean_ep_length  | 199      |
|    mean_reward     | 269      |
| time/              |          |
|    total_timesteps | 2490000  |
---------------------------------
---------------------------------
| rollout/           |          |
|    ep_len_mean     | 199      |
|    ep_rew_mean     | 275      |
| time/              |          |
|    fps             | 447      |
|    iterations      | 122      |
|    time_elapsed    | 5582     |
|    total_timesteps | 2498560  |
---------------------------------
Eval num_timesteps=2500000, episode_reward=295.49 +/- 0.00
Episode length: 199.00 +/- 0.00
-----------------------------------------
| eval/                   |             |
|    mean_ep_length       | 199         |
|    mean_reward          | 295         |
| time/                   |             |
|    total_timesteps      | 2500000     |
| train/                  |             |
|    approx_kl            | 0.083003744 |
|    clip_fraction        | 0.406       |
|    clip_range           | 0.2         |
|    entropy_loss         | -5.89       |
|    explained_variance   | -1.19e-07   |
|    learning_rate        | 0.0003      |
|    loss                 | 1.86        |
|    n_updates            | 1220        |
|    policy_gradient_loss | 0.03        |
|    std                  | 0.52        |
|    value_loss           | 3.47        |
-----------------------------------------
Eval num_timesteps=2510000, episode_reward=295.49 +/- 0.00
Episode length: 199.00 +/- 0.00
---------------------------------
| eval/              |          |
|    mean_ep_length  | 199      |
|    mean_reward     | 295      |
| time/              |          |
|    total_timesteps | 2510000  |
---------------------------------
---------------------------------
| rollout/           |          |
|    ep_len_mean     | 199      |
|    ep_rew_mean     | 297      |
| time/              |          |
|    fps             | 447      |
|    iterations      | 123      |
|    time_elapsed    | 5628     |
|    total_timesteps | 2519040  |
---------------------------------
Eval num_timesteps=2520000, episode_reward=301.23 +/- 0.00
Episode length: 199.00 +/- 0.00
---------------------------------------
| eval/                   |           |
|    mean_ep_length       | 199       |
|    mean_reward          | 301       |
| time/                   |           |
|    total_timesteps      | 2520000   |
| train/                  |           |
|    approx_kl            | 0.0785587 |
|    clip_fraction        | 0.41      |
|    clip_range           | 0.2       |
|    entropy_loss         | -5.93     |
|    explained_variance   | 0         |
|    learning_rate        | 0.0003    |
|    loss                 | 2.2       |
|    n_updates            | 1230      |
|    policy_gradient_loss | 0.0303    |
|    std                  | 0.521     |
|    value_loss           | 3.85      |
---------------------------------------
Eval num_timesteps=2530000, episode_reward=301.23 +/- 0.00
Episode length: 199.00 +/- 0.00
---------------------------------
| eval/              |          |
|    mean_ep_length  | 199      |
|    mean_reward     | 301      |
| time/              |          |
|    total_timesteps | 2530000  |
---------------------------------
---------------------------------
| rollout/           |          |
|    ep_len_mean     | 199      |
|    ep_rew_mean     | 299      |
| time/              |          |
|    fps             | 447      |
|    iterations      | 124      |
|    time_elapsed    | 5674     |
|    total_timesteps | 2539520  |
---------------------------------
Eval num_timesteps=2540000, episode_reward=311.12 +/- 0.00
Episode length: 199.00 +/- 0.00
----------------------------------------
| eval/                   |            |
|    mean_ep_length       | 199        |
|    mean_reward          | 311        |
| time/                   |            |
|    total_timesteps      | 2540000    |
| train/                  |            |
|    approx_kl            | 0.09291609 |
|    clip_fraction        | 0.398      |
|    clip_range           | 0.2        |
|    entropy_loss         | -5.96      |
|    explained_variance   | 0          |
|    learning_rate        | 0.0003     |
|    loss                 | 2.81       |
|    n_updates            | 1240       |
|    policy_gradient_loss | 0.0319     |
|    std                  | 0.524      |
|    value_loss           | 6.12       |
----------------------------------------
Eval num_timesteps=2550000, episode_reward=311.12 +/- 0.00
Episode length: 199.00 +/- 0.00
---------------------------------
| eval/              |          |
|    mean_ep_length  | 199      |
|    mean_reward     | 311      |
| time/              |          |
|    total_timesteps | 2550000  |
---------------------------------
Eval num_timesteps=2560000, episode_reward=311.12 +/- 0.00
Episode length: 199.00 +/- 0.00
---------------------------------
| eval/              |          |
|    mean_ep_length  | 199      |
|    mean_reward     | 311      |
| time/              |          |
|    total_timesteps | 2560000  |
---------------------------------
---------------------------------
| rollout/           |          |
|    ep_len_mean     | 199      |
|    ep_rew_mean     | 307      |
| time/              |          |
|    fps             | 447      |
|    iterations      | 125      |
|    time_elapsed    | 5723     |
|    total_timesteps | 2560000  |
---------------------------------
Eval num_timesteps=2570000, episode_reward=317.63 +/- 0.00
Episode length: 199.00 +/- 0.00
----------------------------------------
| eval/                   |            |
|    mean_ep_length       | 199        |
|    mean_reward          | 318        |
| time/                   |            |
|    total_timesteps      | 2570000    |
| train/                  |            |
|    approx_kl            | 0.06383927 |
|    clip_fraction        | 0.418      |
|    clip_range           | 0.2        |
|    entropy_loss         | -5.95      |
|    explained_variance   | -2.38e-06  |
|    learning_rate        | 0.0003     |
|    loss                 | 2.69       |
|    n_updates            | 1250       |
|    policy_gradient_loss | 0.0376     |
|    std                  | 0.525      |
|    value_loss           | 5.72       |
----------------------------------------
Eval num_timesteps=2580000, episode_reward=317.63 +/- 0.00
Episode length: 199.00 +/- 0.00
---------------------------------
| eval/              |          |
|    mean_ep_length  | 199      |
|    mean_reward     | 318      |
| time/              |          |
|    total_timesteps | 2580000  |
---------------------------------
---------------------------------
| rollout/           |          |
|    ep_len_mean     | 199      |
|    ep_rew_mean     | 310      |
| time/              |          |
|    fps             | 446      |
|    iterations      | 126      |
|    time_elapsed    | 5773     |
|    total_timesteps | 2580480  |
---------------------------------
Eval num_timesteps=2590000, episode_reward=338.64 +/- 0.00
Episode length: 199.00 +/- 0.00
----------------------------------------
| eval/                   |            |
|    mean_ep_length       | 199        |
|    mean_reward          | 339        |
| time/                   |            |
|    total_timesteps      | 2590000    |
| train/                  |            |
|    approx_kl            | 0.09547883 |
|    clip_fraction        | 0.406      |
|    clip_range           | 0.2        |
|    entropy_loss         | -6         |
|    explained_variance   | -2.03e-06  |
|    learning_rate        | 0.0003     |
|    loss                 | 2.69       |
|    n_updates            | 1260       |
|    policy_gradient_loss | 0.0351     |
|    std                  | 0.529      |
|    value_loss           | 5.98       |
----------------------------------------
Eval num_timesteps=2600000, episode_reward=338.64 +/- 0.00
Episode length: 199.00 +/- 0.00
---------------------------------
| eval/              |          |
|    mean_ep_length  | 199      |
|    mean_reward     | 339      |
| time/              |          |
|    total_timesteps | 2600000  |
---------------------------------
---------------------------------
| rollout/           |          |
|    ep_len_mean     | 199      |
|    ep_rew_mean     | 321      |
| time/              |          |
|    fps             | 446      |
|    iterations      | 127      |
|    time_elapsed    | 5820     |
|    total_timesteps | 2600960  |
---------------------------------
Eval num_timesteps=2610000, episode_reward=347.62 +/- 0.00
Episode length: 199.00 +/- 0.00
-----------------------------------------
| eval/                   |             |
|    mean_ep_length       | 199         |
|    mean_reward          | 348         |
| time/                   |             |
|    total_timesteps      | 2610000     |
| train/                  |             |
|    approx_kl            | 0.055205524 |
|    clip_fraction        | 0.411       |
|    clip_range           | 0.2         |
|    entropy_loss         | -6.02       |
|    explained_variance   | -1.19e-07   |
|    learning_rate        | 0.0003      |
|    loss                 | 3.05        |
|    n_updates            | 1270        |
|    policy_gradient_loss | 0.04        |
|    std                  | 0.53        |
|    value_loss           | 6.65        |
-----------------------------------------
Eval num_timesteps=2620000, episode_reward=347.62 +/- 0.00
Episode length: 199.00 +/- 0.00
---------------------------------
| eval/              |          |
|    mean_ep_length  | 199      |
|    mean_reward     | 348      |
| time/              |          |
|    total_timesteps | 2620000  |
---------------------------------
---------------------------------
| rollout/           |          |
|    ep_len_mean     | 199      |
|    ep_rew_mean     | 328      |
| time/              |          |
|    fps             | 446      |
|    iterations      | 128      |
|    time_elapsed    | 5866     |
|    total_timesteps | 2621440  |
---------------------------------
Eval num_timesteps=2630000, episode_reward=348.69 +/- 0.00
Episode length: 199.00 +/- 0.00
-----------------------------------------
| eval/                   |             |
|    mean_ep_length       | 199         |
|    mean_reward          | 349         |
| time/                   |             |
|    total_timesteps      | 2630000     |
| train/                  |             |
|    approx_kl            | 0.055124037 |
|    clip_fraction        | 0.377       |
|    clip_range           | 0.2         |
|    entropy_loss         | -6.05       |
|    explained_variance   | -3.7e-06    |
|    learning_rate        | 0.0003      |
|    loss                 | 3.87        |
|    n_updates            | 1280        |
|    policy_gradient_loss | 0.0338      |
|    std                  | 0.534       |
|    value_loss           | 6.47        |
-----------------------------------------
Eval num_timesteps=2640000, episode_reward=348.69 +/- 0.00
Episode length: 199.00 +/- 0.00
---------------------------------
| eval/              |          |
|    mean_ep_length  | 199      |
|    mean_reward     | 349      |
| time/              |          |
|    total_timesteps | 2640000  |
---------------------------------
---------------------------------
| rollout/           |          |
|    ep_len_mean     | 199      |
|    ep_rew_mean     | 328      |
| time/              |          |
|    fps             | 446      |
|    iterations      | 129      |
|    time_elapsed    | 5912     |
|    total_timesteps | 2641920  |
---------------------------------
Eval num_timesteps=2650000, episode_reward=297.24 +/- 0.00
Episode length: 199.00 +/- 0.00
-----------------------------------------
| eval/                   |             |
|    mean_ep_length       | 199         |
|    mean_reward          | 297         |
| time/                   |             |
|    total_timesteps      | 2650000     |
| train/                  |             |
|    approx_kl            | 0.052959412 |
|    clip_fraction        | 0.396       |
|    clip_range           | 0.2         |
|    entropy_loss         | -6.09       |
|    explained_variance   | -3.58e-07   |
|    learning_rate        | 0.0003      |
|    loss                 | 3.28        |
|    n_updates            | 1290        |
|    policy_gradient_loss | 0.0369      |
|    std                  | 0.534       |
|    value_loss           | 6.04        |
-----------------------------------------
Eval num_timesteps=2660000, episode_reward=297.24 +/- 0.00
Episode length: 199.00 +/- 0.00
---------------------------------
| eval/              |          |
|    mean_ep_length  | 199      |
|    mean_reward     | 297      |
| time/              |          |
|    total_timesteps | 2660000  |
---------------------------------
---------------------------------
| rollout/           |          |
|    ep_len_mean     | 199      |
|    ep_rew_mean     | 293      |
| time/              |          |
|    fps             | 446      |
|    iterations      | 130      |
|    time_elapsed    | 5958     |
|    total_timesteps | 2662400  |
---------------------------------
Eval num_timesteps=2670000, episode_reward=303.02 +/- 0.00
Episode length: 199.00 +/- 0.00
----------------------------------------
| eval/                   |            |
|    mean_ep_length       | 199        |
|    mean_reward          | 303        |
| time/                   |            |
|    total_timesteps      | 2670000    |
| train/                  |            |
|    approx_kl            | 0.07208146 |
|    clip_fraction        | 0.369      |
|    clip_range           | 0.2        |
|    entropy_loss         | -6.1       |
|    explained_variance   | -1.07e-06  |
|    learning_rate        | 0.0003     |
|    loss                 | 2.87       |
|    n_updates            | 1300       |
|    policy_gradient_loss | 0.0264     |
|    std                  | 0.539      |
|    value_loss           | 8.24       |
----------------------------------------
Eval num_timesteps=2680000, episode_reward=303.02 +/- 0.00
Episode length: 199.00 +/- 0.00
---------------------------------
| eval/              |          |
|    mean_ep_length  | 199      |
|    mean_reward     | 303      |
| time/              |          |
|    total_timesteps | 2680000  |
---------------------------------
---------------------------------
| rollout/           |          |
|    ep_len_mean     | 199      |
|    ep_rew_mean     | 293      |
| time/              |          |
|    fps             | 446      |
|    iterations      | 131      |
|    time_elapsed    | 6003     |
|    total_timesteps | 2682880  |
---------------------------------
Eval num_timesteps=2690000, episode_reward=326.49 +/- 0.00
Episode length: 199.00 +/- 0.00
----------------------------------------
| eval/                   |            |
|    mean_ep_length       | 199        |
|    mean_reward          | 326        |
| time/                   |            |
|    total_timesteps      | 2690000    |
| train/                  |            |
|    approx_kl            | 0.05133582 |
|    clip_fraction        | 0.387      |
|    clip_range           | 0.2        |
|    entropy_loss         | -6.18      |
|    explained_variance   | -1.19e-07  |
|    learning_rate        | 0.0003     |
|    loss                 | 5.32       |
|    n_updates            | 1310       |
|    policy_gradient_loss | 0.0317     |
|    std                  | 0.542      |
|    value_loss           | 11.6       |
----------------------------------------
Eval num_timesteps=2700000, episode_reward=326.49 +/- 0.00
Episode length: 199.00 +/- 0.00
---------------------------------
| eval/              |          |
|    mean_ep_length  | 199      |
|    mean_reward     | 326      |
| time/              |          |
|    total_timesteps | 2700000  |
---------------------------------
---------------------------------
| rollout/           |          |
|    ep_len_mean     | 199      |
|    ep_rew_mean     | 310      |
| time/              |          |
|    fps             | 446      |
|    iterations      | 132      |
|    time_elapsed    | 6052     |
|    total_timesteps | 2703360  |
---------------------------------
Eval num_timesteps=2710000, episode_reward=336.16 +/- 0.00
Episode length: 199.00 +/- 0.00
-----------------------------------------
| eval/                   |             |
|    mean_ep_length       | 199         |
|    mean_reward          | 336         |
| time/                   |             |
|    total_timesteps      | 2710000     |
| train/                  |             |
|    approx_kl            | 0.056021612 |
|    clip_fraction        | 0.37        |
|    clip_range           | 0.2         |
|    entropy_loss         | -6.18       |
|    explained_variance   | 0           |
|    learning_rate        | 0.0003      |
|    loss                 | 5.75        |
|    n_updates            | 1320        |
|    policy_gradient_loss | 0.0307      |
|    std                  | 0.543       |
|    value_loss           | 11.2        |
-----------------------------------------
Eval num_timesteps=2720000, episode_reward=336.16 +/- 0.00
Episode length: 199.00 +/- 0.00
---------------------------------
| eval/              |          |
|    mean_ep_length  | 199      |
|    mean_reward     | 336      |
| time/              |          |
|    total_timesteps | 2720000  |
---------------------------------
---------------------------------
| rollout/           |          |
|    ep_len_mean     | 199      |
|    ep_rew_mean     | 317      |
| time/              |          |
|    fps             | 446      |
|    iterations      | 133      |
|    time_elapsed    | 6098     |
|    total_timesteps | 2723840  |
---------------------------------
Eval num_timesteps=2730000, episode_reward=343.61 +/- 0.00
Episode length: 199.00 +/- 0.00
----------------------------------------
| eval/                   |            |
|    mean_ep_length       | 199        |
|    mean_reward          | 344        |
| time/                   |            |
|    total_timesteps      | 2730000    |
| train/                  |            |
|    approx_kl            | 0.05799567 |
|    clip_fraction        | 0.374      |
|    clip_range           | 0.2        |
|    entropy_loss         | -6.21      |
|    explained_variance   | 0          |
|    learning_rate        | 0.0003     |
|    loss                 | 5.69       |
|    n_updates            | 1330       |
|    policy_gradient_loss | 0.0327     |
|    std                  | 0.546      |
|    value_loss           | 9.16       |
----------------------------------------
Eval num_timesteps=2740000, episode_reward=343.61 +/- 0.00
Episode length: 199.00 +/- 0.00
---------------------------------
| eval/              |          |
|    mean_ep_length  | 199      |
|    mean_reward     | 344      |
| time/              |          |
|    total_timesteps | 2740000  |
---------------------------------
---------------------------------
| rollout/           |          |
|    ep_len_mean     | 199      |
|    ep_rew_mean     | 324      |
| time/              |          |
|    fps             | 446      |
|    iterations      | 134      |
|    time_elapsed    | 6145     |
|    total_timesteps | 2744320  |
---------------------------------
Eval num_timesteps=2750000, episode_reward=352.44 +/- 0.00
Episode length: 199.00 +/- 0.00
----------------------------------------
| eval/                   |            |
|    mean_ep_length       | 199        |
|    mean_reward          | 352        |
| time/                   |            |
|    total_timesteps      | 2750000    |
| train/                  |            |
|    approx_kl            | 0.07245914 |
|    clip_fraction        | 0.377      |
|    clip_range           | 0.2        |
|    entropy_loss         | -6.23      |
|    explained_variance   | -2.38e-07  |
|    learning_rate        | 0.0003     |
|    loss                 | 3.24       |
|    n_updates            | 1340       |
|    policy_gradient_loss | 0.0329     |
|    std                  | 0.549      |
|    value_loss           | 6.61       |
----------------------------------------
Eval num_timesteps=2760000, episode_reward=352.44 +/- 0.00
Episode length: 199.00 +/- 0.00
---------------------------------
| eval/              |          |
|    mean_ep_length  | 199      |
|    mean_reward     | 352      |
| time/              |          |
|    total_timesteps | 2760000  |
---------------------------------
---------------------------------
| rollout/           |          |
|    ep_len_mean     | 199      |
|    ep_rew_mean     | 335      |
| time/              |          |
|    fps             | 446      |
|    iterations      | 135      |
|    time_elapsed    | 6191     |
|    total_timesteps | 2764800  |
---------------------------------
Eval num_timesteps=2770000, episode_reward=340.18 +/- 0.00
Episode length: 199.00 +/- 0.00
-----------------------------------------
| eval/                   |             |
|    mean_ep_length       | 199         |
|    mean_reward          | 340         |
| time/                   |             |
|    total_timesteps      | 2770000     |
| train/                  |             |
|    approx_kl            | 0.050302994 |
|    clip_fraction        | 0.368       |
|    clip_range           | 0.2         |
|    entropy_loss         | -6.23       |
|    explained_variance   | -3.58e-06   |
|    learning_rate        | 0.0003      |
|    loss                 | 1.6         |
|    n_updates            | 1350        |
|    policy_gradient_loss | 0.0312      |
|    std                  | 0.548       |
|    value_loss           | 2.51        |
-----------------------------------------
Eval num_timesteps=2780000, episode_reward=340.18 +/- 0.00
Episode length: 199.00 +/- 0.00
---------------------------------
| eval/              |          |
|    mean_ep_length  | 199      |
|    mean_reward     | 340      |
| time/              |          |
|    total_timesteps | 2780000  |
---------------------------------
---------------------------------
| rollout/           |          |
|    ep_len_mean     | 199      |
|    ep_rew_mean     | 329      |
| time/              |          |
|    fps             | 446      |
|    iterations      | 136      |
|    time_elapsed    | 6237     |
|    total_timesteps | 2785280  |
---------------------------------
Eval num_timesteps=2790000, episode_reward=364.67 +/- 0.00
Episode length: 199.00 +/- 0.00
----------------------------------------
| eval/                   |            |
|    mean_ep_length       | 199        |
|    mean_reward          | 365        |
| time/                   |            |
|    total_timesteps      | 2790000    |
| train/                  |            |
|    approx_kl            | 0.04569118 |
|    clip_fraction        | 0.367      |
|    clip_range           | 0.2        |
|    entropy_loss         | -6.2       |
|    explained_variance   | 0          |
|    learning_rate        | 0.0003     |
|    loss                 | 0.67       |
|    n_updates            | 1360       |
|    policy_gradient_loss | 0.0187     |
|    std                  | 0.546      |
|    value_loss           | 1.25       |
----------------------------------------
Eval num_timesteps=2800000, episode_reward=364.67 +/- 0.00
Episode length: 199.00 +/- 0.00
---------------------------------
| eval/              |          |
|    mean_ep_length  | 199      |
|    mean_reward     | 365      |
| time/              |          |
|    total_timesteps | 2800000  |
---------------------------------
---------------------------------
| rollout/           |          |
|    ep_len_mean     | 199      |
|    ep_rew_mean     | 339      |
| time/              |          |
|    fps             | 446      |
|    iterations      | 137      |
|    time_elapsed    | 6283     |
|    total_timesteps | 2805760  |
---------------------------------
Eval num_timesteps=2810000, episode_reward=367.72 +/- 0.00
Episode length: 199.00 +/- 0.00
-----------------------------------------
| eval/                   |             |
|    mean_ep_length       | 199         |
|    mean_reward          | 368         |
| time/                   |             |
|    total_timesteps      | 2810000     |
| train/                  |             |
|    approx_kl            | 0.062075965 |
|    clip_fraction        | 0.393       |
|    clip_range           | 0.2         |
|    entropy_loss         | -6.2        |
|    explained_variance   | -3.58e-07   |
|    learning_rate        | 0.0003      |
|    loss                 | 1.16        |
|    n_updates            | 1370        |
|    policy_gradient_loss | 0.0441      |
|    std                  | 0.547       |
|    value_loss           | 1.82        |
-----------------------------------------
Eval num_timesteps=2820000, episode_reward=367.72 +/- 0.00
Episode length: 199.00 +/- 0.00
---------------------------------
| eval/              |          |
|    mean_ep_length  | 199      |
|    mean_reward     | 368      |
| time/              |          |
|    total_timesteps | 2820000  |
---------------------------------
---------------------------------
| rollout/           |          |
|    ep_len_mean     | 199      |
|    ep_rew_mean     | 338      |
| time/              |          |
|    fps             | 446      |
|    iterations      | 138      |
|    time_elapsed    | 6331     |
|    total_timesteps | 2826240  |
---------------------------------
Eval num_timesteps=2830000, episode_reward=378.36 +/- 0.00
Episode length: 199.00 +/- 0.00
-----------------------------------------
| eval/                   |             |
|    mean_ep_length       | 199         |
|    mean_reward          | 378         |
| time/                   |             |
|    total_timesteps      | 2830000     |
| train/                  |             |
|    approx_kl            | 0.051401187 |
|    clip_fraction        | 0.346       |
|    clip_range           | 0.2         |
|    entropy_loss         | -6.15       |
|    explained_variance   | -4.17e-06   |
|    learning_rate        | 0.0003      |
|    loss                 | 0.508       |
|    n_updates            | 1380        |
|    policy_gradient_loss | 0.0222      |
|    std                  | 0.541       |
|    value_loss           | 0.932       |
-----------------------------------------
Eval num_timesteps=2840000, episode_reward=378.36 +/- 0.00
Episode length: 199.00 +/- 0.00
---------------------------------
| eval/              |          |
|    mean_ep_length  | 199      |
|    mean_reward     | 378      |
| time/              |          |
|    total_timesteps | 2840000  |
---------------------------------
---------------------------------
| rollout/           |          |
|    ep_len_mean     | 199      |
|    ep_rew_mean     | 343      |
| time/              |          |
|    fps             | 446      |
|    iterations      | 139      |
|    time_elapsed    | 6379     |
|    total_timesteps | 2846720  |
---------------------------------
Eval num_timesteps=2850000, episode_reward=378.09 +/- 0.00
Episode length: 199.00 +/- 0.00
----------------------------------------
| eval/                   |            |
|    mean_ep_length       | 199        |
|    mean_reward          | 378        |
| time/                   |            |
|    total_timesteps      | 2850000    |
| train/                  |            |
|    approx_kl            | 0.06185592 |
|    clip_fraction        | 0.382      |
|    clip_range           | 0.2        |
|    entropy_loss         | -6.08      |
|    explained_variance   | -1.19e-07  |
|    learning_rate        | 0.0003     |
|    loss                 | 0.48       |
|    n_updates            | 1390       |
|    policy_gradient_loss | 0.0403     |
|    std                  | 0.535      |
|    value_loss           | 0.887      |
----------------------------------------
Eval num_timesteps=2860000, episode_reward=378.09 +/- 0.00
Episode length: 199.00 +/- 0.00
---------------------------------
| eval/              |          |
|    mean_ep_length  | 199      |
|    mean_reward     | 378      |
| time/              |          |
|    total_timesteps | 2860000  |
---------------------------------
---------------------------------
| rollout/           |          |
|    ep_len_mean     | 199      |
|    ep_rew_mean     | 346      |
| time/              |          |
|    fps             | 446      |
|    iterations      | 140      |
|    time_elapsed    | 6427     |
|    total_timesteps | 2867200  |
---------------------------------
Eval num_timesteps=2870000, episode_reward=378.56 +/- 0.00
Episode length: 199.00 +/- 0.00
-----------------------------------------
| eval/                   |             |
|    mean_ep_length       | 199         |
|    mean_reward          | 379         |
| time/                   |             |
|    total_timesteps      | 2870000     |
| train/                  |             |
|    approx_kl            | 0.068372965 |
|    clip_fraction        | 0.367       |
|    clip_range           | 0.2         |
|    entropy_loss         | -5.97       |
|    explained_variance   | -6.56e-06   |
|    learning_rate        | 0.0003      |
|    loss                 | 0.456       |
|    n_updates            | 1400        |
|    policy_gradient_loss | 0.0385      |
|    std                  | 0.528       |
|    value_loss           | 0.855       |
-----------------------------------------
Eval num_timesteps=2880000, episode_reward=378.56 +/- 0.00
Episode length: 199.00 +/- 0.00
---------------------------------
| eval/              |          |
|    mean_ep_length  | 199      |
|    mean_reward     | 379      |
| time/              |          |
|    total_timesteps | 2880000  |
---------------------------------
---------------------------------
| rollout/           |          |
|    ep_len_mean     | 199      |
|    ep_rew_mean     | 346      |
| time/              |          |
|    fps             | 445      |
|    iterations      | 141      |
|    time_elapsed    | 6475     |
|    total_timesteps | 2887680  |
---------------------------------
Eval num_timesteps=2890000, episode_reward=378.38 +/- 0.00
Episode length: 199.00 +/- 0.00
-----------------------------------------
| eval/                   |             |
|    mean_ep_length       | 199         |
|    mean_reward          | 378         |
| time/                   |             |
|    total_timesteps      | 2890000     |
| train/                  |             |
|    approx_kl            | 0.054602575 |
|    clip_fraction        | 0.374       |
|    clip_range           | 0.2         |
|    entropy_loss         | -5.88       |
|    explained_variance   | -1.91e-06   |
|    learning_rate        | 0.0003      |
|    loss                 | 0.365       |
|    n_updates            | 1410        |
|    policy_gradient_loss | 0.0391      |
|    std                  | 0.523       |
|    value_loss           | 0.748       |
-----------------------------------------
Eval num_timesteps=2900000, episode_reward=378.38 +/- 0.00
Episode length: 199.00 +/- 0.00
---------------------------------
| eval/              |          |
|    mean_ep_length  | 199      |
|    mean_reward     | 378      |
| time/              |          |
|    total_timesteps | 2900000  |
---------------------------------
---------------------------------
| rollout/           |          |
|    ep_len_mean     | 199      |
|    ep_rew_mean     | 347      |
| time/              |          |
|    fps             | 445      |
|    iterations      | 142      |
|    time_elapsed    | 6521     |
|    total_timesteps | 2908160  |
---------------------------------
Eval num_timesteps=2910000, episode_reward=375.58 +/- 0.00
Episode length: 199.00 +/- 0.00
----------------------------------------
| eval/                   |            |
|    mean_ep_length       | 199        |
|    mean_reward          | 376        |
| time/                   |            |
|    total_timesteps      | 2910000    |
| train/                  |            |
|    approx_kl            | 0.06595452 |
|    clip_fraction        | 0.375      |
|    clip_range           | 0.2        |
|    entropy_loss         | -5.81      |
|    explained_variance   | -1.07e-06  |
|    learning_rate        | 0.0003     |
|    loss                 | 0.528      |
|    n_updates            | 1420       |
|    policy_gradient_loss | 0.039      |
|    std                  | 0.518      |
|    value_loss           | 0.842      |
----------------------------------------
Eval num_timesteps=2920000, episode_reward=375.58 +/- 0.00
Episode length: 199.00 +/- 0.00
---------------------------------
| eval/              |          |
|    mean_ep_length  | 199      |
|    mean_reward     | 376      |
| time/              |          |
|    total_timesteps | 2920000  |
---------------------------------
---------------------------------
| rollout/           |          |
|    ep_len_mean     | 199      |
|    ep_rew_mean     | 347      |
| time/              |          |
|    fps             | 446      |
|    iterations      | 143      |
|    time_elapsed    | 6566     |
|    total_timesteps | 2928640  |
---------------------------------
Eval num_timesteps=2930000, episode_reward=377.33 +/- 0.00
Episode length: 199.00 +/- 0.00
----------------------------------------
| eval/                   |            |
|    mean_ep_length       | 199        |
|    mean_reward          | 377        |
| time/                   |            |
|    total_timesteps      | 2930000    |
| train/                  |            |
|    approx_kl            | 0.07244685 |
|    clip_fraction        | 0.381      |
|    clip_range           | 0.2        |
|    entropy_loss         | -5.77      |
|    explained_variance   | -1.19e-07  |
|    learning_rate        | 0.0003     |
|    loss                 | 0.636      |
|    n_updates            | 1430       |
|    policy_gradient_loss | 0.0438     |
|    std                  | 0.515      |
|    value_loss           | 0.849      |
----------------------------------------
Eval num_timesteps=2940000, episode_reward=377.33 +/- 0.00
Episode length: 199.00 +/- 0.00
---------------------------------
| eval/              |          |
|    mean_ep_length  | 199      |
|    mean_reward     | 377      |
| time/              |          |
|    total_timesteps | 2940000  |
---------------------------------
---------------------------------
| rollout/           |          |
|    ep_len_mean     | 199      |
|    ep_rew_mean     | 347      |
| time/              |          |
|    fps             | 446      |
|    iterations      | 144      |
|    time_elapsed    | 6612     |
|    total_timesteps | 2949120  |
---------------------------------
Eval num_timesteps=2950000, episode_reward=382.47 +/- 0.00
Episode length: 199.00 +/- 0.00
----------------------------------------
| eval/                   |            |
|    mean_ep_length       | 199        |
|    mean_reward          | 382        |
| time/                   |            |
|    total_timesteps      | 2950000    |
| train/                  |            |
|    approx_kl            | 0.05639922 |
|    clip_fraction        | 0.389      |
|    clip_range           | 0.2        |
|    entropy_loss         | -5.7       |
|    explained_variance   | -5.96e-06  |
|    learning_rate        | 0.0003     |
|    loss                 | 0.436      |
|    n_updates            | 1440       |
|    policy_gradient_loss | 0.0401     |
|    std                  | 0.51       |
|    value_loss           | 0.83       |
----------------------------------------
Eval num_timesteps=2960000, episode_reward=382.47 +/- 0.00
Episode length: 199.00 +/- 0.00
---------------------------------
| eval/              |          |
|    mean_ep_length  | 199      |
|    mean_reward     | 382      |
| time/              |          |
|    total_timesteps | 2960000  |
---------------------------------
---------------------------------
| rollout/           |          |
|    ep_len_mean     | 199      |
|    ep_rew_mean     | 348      |
| time/              |          |
|    fps             | 446      |
|    iterations      | 145      |
|    time_elapsed    | 6657     |
|    total_timesteps | 2969600  |
---------------------------------
Eval num_timesteps=2970000, episode_reward=369.81 +/- 0.00
Episode length: 199.00 +/- 0.00
-----------------------------------------
| eval/                   |             |
|    mean_ep_length       | 199         |
|    mean_reward          | 370         |
| time/                   |             |
|    total_timesteps      | 2970000     |
| train/                  |             |
|    approx_kl            | 0.064621694 |
|    clip_fraction        | 0.404       |
|    clip_range           | 0.2         |
|    entropy_loss         | -5.61       |
|    explained_variance   | -1.19e-06   |
|    learning_rate        | 0.0003      |
|    loss                 | 0.426       |
|    n_updates            | 1450        |
|    policy_gradient_loss | 0.0469      |
|    std                  | 0.505       |
|    value_loss           | 0.727       |
-----------------------------------------
Eval num_timesteps=2980000, episode_reward=369.81 +/- 0.00
Episode length: 199.00 +/- 0.00
---------------------------------
| eval/              |          |
|    mean_ep_length  | 199      |
|    mean_reward     | 370      |
| time/              |          |
|    total_timesteps | 2980000  |
---------------------------------
Eval num_timesteps=2990000, episode_reward=369.81 +/- 0.00
Episode length: 199.00 +/- 0.00
---------------------------------
| eval/              |          |
|    mean_ep_length  | 199      |
|    mean_reward     | 370      |
| time/              |          |
|    total_timesteps | 2990000  |
---------------------------------
---------------------------------
| rollout/           |          |
|    ep_len_mean     | 199      |
|    ep_rew_mean     | 341      |
| time/              |          |
|    fps             | 445      |
|    iterations      | 146      |
|    time_elapsed    | 6704     |
|    total_timesteps | 2990080  |
---------------------------------
Eval num_timesteps=3000000, episode_reward=376.54 +/- 0.00
Episode length: 199.00 +/- 0.00
----------------------------------------
| eval/                   |            |
|    mean_ep_length       | 199        |
|    mean_reward          | 377        |
| time/                   |            |
|    total_timesteps      | 3000000    |
| train/                  |            |
|    approx_kl            | 0.05816313 |
|    clip_fraction        | 0.384      |
|    clip_range           | 0.2        |
|    entropy_loss         | -5.55      |
|    explained_variance   | -9.54e-07  |
|    learning_rate        | 0.0003     |
|    loss                 | 0.593      |
|    n_updates            | 1460       |
|    policy_gradient_loss | 0.0291     |
|    std                  | 0.5        |
|    value_loss           | 0.658      |
----------------------------------------
Eval num_timesteps=3010000, episode_reward=376.54 +/- 0.00
Episode length: 199.00 +/- 0.00
---------------------------------
| eval/              |          |
|    mean_ep_length  | 199      |
|    mean_reward     | 377      |
| time/              |          |
|    total_timesteps | 3010000  |
---------------------------------
---------------------------------
| rollout/           |          |
|    ep_len_mean     | 199      |
|    ep_rew_mean     | 349      |
| time/              |          |
|    fps             | 445      |
|    iterations      | 147      |
|    time_elapsed    | 6750     |
|    total_timesteps | 3010560  |
---------------------------------
Eval num_timesteps=3020000, episode_reward=349.12 +/- 0.00
Episode length: 199.00 +/- 0.00
----------------------------------------
| eval/                   |            |
|    mean_ep_length       | 199        |
|    mean_reward          | 349        |
| time/                   |            |
|    total_timesteps      | 3020000    |
| train/                  |            |
|    approx_kl            | 0.07950525 |
|    clip_fraction        | 0.401      |
|    clip_range           | 0.2        |
|    entropy_loss         | -5.46      |
|    explained_variance   | -5.6e-06   |
|    learning_rate        | 0.0003     |
|    loss                 | 0.343      |
|    n_updates            | 1470       |
|    policy_gradient_loss | 0.0492     |
|    std                  | 0.494      |
|    value_loss           | 0.689      |
----------------------------------------
Eval num_timesteps=3030000, episode_reward=349.12 +/- 0.00
Episode length: 199.00 +/- 0.00
---------------------------------
| eval/              |          |
|    mean_ep_length  | 199      |
|    mean_reward     | 349      |
| time/              |          |
|    total_timesteps | 3030000  |
---------------------------------
---------------------------------
| rollout/           |          |
|    ep_len_mean     | 199      |
|    ep_rew_mean     | 342      |
| time/              |          |
|    fps             | 445      |
|    iterations      | 148      |
|    time_elapsed    | 6799     |
|    total_timesteps | 3031040  |
---------------------------------
Eval num_timesteps=3040000, episode_reward=350.50 +/- 0.00
Episode length: 199.00 +/- 0.00
----------------------------------------
| eval/                   |            |
|    mean_ep_length       | 199        |
|    mean_reward          | 351        |
| time/                   |            |
|    total_timesteps      | 3040000    |
| train/                  |            |
|    approx_kl            | 0.07673479 |
|    clip_fraction        | 0.409      |
|    clip_range           | 0.2        |
|    entropy_loss         | -5.4       |
|    explained_variance   | -1.91e-06  |
|    learning_rate        | 0.0003     |
|    loss                 | 0.49       |
|    n_updates            | 1480       |
|    policy_gradient_loss | 0.0345     |
|    std                  | 0.492      |
|    value_loss           | 0.894      |
----------------------------------------
Eval num_timesteps=3050000, episode_reward=350.50 +/- 0.00
Episode length: 199.00 +/- 0.00
---------------------------------
| eval/              |          |
|    mean_ep_length  | 199      |
|    mean_reward     | 351      |
| time/              |          |
|    total_timesteps | 3050000  |
---------------------------------
---------------------------------
| rollout/           |          |
|    ep_len_mean     | 199      |
|    ep_rew_mean     | 342      |
| time/              |          |
|    fps             | 445      |
|    iterations      | 149      |
|    time_elapsed    | 6846     |
|    total_timesteps | 3051520  |
---------------------------------
Eval num_timesteps=3060000, episode_reward=318.74 +/- 0.00
Episode length: 199.00 +/- 0.00
----------------------------------------
| eval/                   |            |
|    mean_ep_length       | 199        |
|    mean_reward          | 319        |
| time/                   |            |
|    total_timesteps      | 3060000    |
| train/                  |            |
|    approx_kl            | 0.07185312 |
|    clip_fraction        | 0.378      |
|    clip_range           | 0.2        |
|    entropy_loss         | -5.36      |
|    explained_variance   | -2.62e-06  |
|    learning_rate        | 0.0003     |
|    loss                 | 0.705      |
|    n_updates            | 1490       |
|    policy_gradient_loss | 0.0316     |
|    std                  | 0.492      |
|    value_loss           | 1.32       |
----------------------------------------
Eval num_timesteps=3070000, episode_reward=318.74 +/- 0.00
Episode length: 199.00 +/- 0.00
---------------------------------
| eval/              |          |
|    mean_ep_length  | 199      |
|    mean_reward     | 319      |
| time/              |          |
|    total_timesteps | 3070000  |
---------------------------------
---------------------------------
| rollout/           |          |
|    ep_len_mean     | 199      |
|    ep_rew_mean     | 319      |
| time/              |          |
|    fps             | 445      |
|    iterations      | 150      |
|    time_elapsed    | 6893     |
|    total_timesteps | 3072000  |
---------------------------------
Eval num_timesteps=3080000, episode_reward=333.20 +/- 0.00
Episode length: 199.00 +/- 0.00
-----------------------------------------
| eval/                   |             |
|    mean_ep_length       | 199         |
|    mean_reward          | 333         |
| time/                   |             |
|    total_timesteps      | 3080000     |
| train/                  |             |
|    approx_kl            | 0.066203035 |
|    clip_fraction        | 0.408       |
|    clip_range           | 0.2         |
|    entropy_loss         | -5.37       |
|    explained_variance   | -4.77e-07   |
|    learning_rate        | 0.0003      |
|    loss                 | 1.98        |
|    n_updates            | 1500        |
|    policy_gradient_loss | 0.0333      |
|    std                  | 0.492       |
|    value_loss           | 3.28        |
-----------------------------------------
Eval num_timesteps=3090000, episode_reward=333.20 +/- 0.00
Episode length: 199.00 +/- 0.00
---------------------------------
| eval/              |          |
|    mean_ep_length  | 199      |
|    mean_reward     | 333      |
| time/              |          |
|    total_timesteps | 3090000  |
---------------------------------
---------------------------------
| rollout/           |          |
|    ep_len_mean     | 199      |
|    ep_rew_mean     | 328      |
| time/              |          |
|    fps             | 445      |
|    iterations      | 151      |
|    time_elapsed    | 6938     |
|    total_timesteps | 3092480  |
---------------------------------
Eval num_timesteps=3100000, episode_reward=365.22 +/- 0.00
Episode length: 199.00 +/- 0.00
----------------------------------------
| eval/                   |            |
|    mean_ep_length       | 199        |
|    mean_reward          | 365        |
| time/                   |            |
|    total_timesteps      | 3100000    |
| train/                  |            |
|    approx_kl            | 0.06129201 |
|    clip_fraction        | 0.4        |
|    clip_range           | 0.2        |
|    entropy_loss         | -5.38      |
|    explained_variance   | 5.96e-08   |
|    learning_rate        | 0.0003     |
|    loss                 | 2.23       |
|    n_updates            | 1510       |
|    policy_gradient_loss | 0.0334     |
|    std                  | 0.493      |
|    value_loss           | 3.02       |
----------------------------------------
Eval num_timesteps=3110000, episode_reward=365.22 +/- 0.00
Episode length: 199.00 +/- 0.00
---------------------------------
| eval/              |          |
|    mean_ep_length  | 199      |
|    mean_reward     | 365      |
| time/              |          |
|    total_timesteps | 3110000  |
---------------------------------
---------------------------------
| rollout/           |          |
|    ep_len_mean     | 199      |
|    ep_rew_mean     | 346      |
| time/              |          |
|    fps             | 445      |
|    iterations      | 152      |
|    time_elapsed    | 6983     |
|    total_timesteps | 3112960  |
---------------------------------
Eval num_timesteps=3120000, episode_reward=367.16 +/- 0.00
Episode length: 199.00 +/- 0.00
-----------------------------------------
| eval/                   |             |
|    mean_ep_length       | 199         |
|    mean_reward          | 367         |
| time/                   |             |
|    total_timesteps      | 3120000     |
| train/                  |             |
|    approx_kl            | 0.063257575 |
|    clip_fraction        | 0.398       |
|    clip_range           | 0.2         |
|    entropy_loss         | -5.36       |
|    explained_variance   | -1.19e-06   |
|    learning_rate        | 0.0003      |
|    loss                 | 0.672       |
|    n_updates            | 1520        |
|    policy_gradient_loss | 0.0408      |
|    std                  | 0.491       |
|    value_loss           | 1.16        |
-----------------------------------------
Eval num_timesteps=3130000, episode_reward=367.16 +/- 0.00
Episode length: 199.00 +/- 0.00
---------------------------------
| eval/              |          |
|    mean_ep_length  | 199      |
|    mean_reward     | 367      |
| time/              |          |
|    total_timesteps | 3130000  |
---------------------------------
---------------------------------
| rollout/           |          |
|    ep_len_mean     | 199      |
|    ep_rew_mean     | 346      |
| time/              |          |
|    fps             | 445      |
|    iterations      | 153      |
|    time_elapsed    | 7032     |
|    total_timesteps | 3133440  |
---------------------------------
Eval num_timesteps=3140000, episode_reward=371.91 +/- 0.00
Episode length: 199.00 +/- 0.00
----------------------------------------
| eval/                   |            |
|    mean_ep_length       | 199        |
|    mean_reward          | 372        |
| time/                   |            |
|    total_timesteps      | 3140000    |
| train/                  |            |
|    approx_kl            | 0.05988603 |
|    clip_fraction        | 0.404      |
|    clip_range           | 0.2        |
|    entropy_loss         | -5.27      |
|    explained_variance   | -1.19e-07  |
|    learning_rate        | 0.0003     |
|    loss                 | 0.44       |
|    n_updates            | 1530       |
|    policy_gradient_loss | 0.0419     |
|    std                  | 0.487      |
|    value_loss           | 0.804      |
----------------------------------------
Eval num_timesteps=3150000, episode_reward=371.91 +/- 0.00
Episode length: 199.00 +/- 0.00
---------------------------------
| eval/              |          |
|    mean_ep_length  | 199      |
|    mean_reward     | 372      |
| time/              |          |
|    total_timesteps | 3150000  |
---------------------------------
---------------------------------
| rollout/           |          |
|    ep_len_mean     | 199      |
|    ep_rew_mean     | 348      |
| time/              |          |
|    fps             | 445      |
|    iterations      | 154      |
|    time_elapsed    | 7078     |
|    total_timesteps | 3153920  |
---------------------------------
Eval num_timesteps=3160000, episode_reward=378.34 +/- 0.00
Episode length: 199.00 +/- 0.00
----------------------------------------
| eval/                   |            |
|    mean_ep_length       | 199        |
|    mean_reward          | 378        |
| time/                   |            |
|    total_timesteps      | 3160000    |
| train/                  |            |
|    approx_kl            | 0.07492676 |
|    clip_fraction        | 0.388      |
|    clip_range           | 0.2        |
|    entropy_loss         | -5.2       |
|    explained_variance   | -8.34e-07  |
|    learning_rate        | 0.0003     |
|    loss                 | 0.288      |
|    n_updates            | 1540       |
|    policy_gradient_loss | 0.0365     |
|    std                  | 0.482      |
|    value_loss           | 0.606      |
----------------------------------------
Eval num_timesteps=3170000, episode_reward=378.34 +/- 0.00
Episode length: 199.00 +/- 0.00
---------------------------------
| eval/              |          |
|    mean_ep_length  | 199      |
|    mean_reward     | 378      |
| time/              |          |
|    total_timesteps | 3170000  |
---------------------------------
---------------------------------
| rollout/           |          |
|    ep_len_mean     | 199      |
|    ep_rew_mean     | 351      |
| time/              |          |
|    fps             | 445      |
|    iterations      | 155      |
|    time_elapsed    | 7124     |
|    total_timesteps | 3174400  |
---------------------------------
Eval num_timesteps=3180000, episode_reward=351.65 +/- 0.00
Episode length: 199.00 +/- 0.00
----------------------------------------
| eval/                   |            |
|    mean_ep_length       | 199        |
|    mean_reward          | 352        |
| time/                   |            |
|    total_timesteps      | 3180000    |
| train/                  |            |
|    approx_kl            | 0.07266037 |
|    clip_fraction        | 0.392      |
|    clip_range           | 0.2        |
|    entropy_loss         | -5.11      |
|    explained_variance   | -6.56e-06  |
|    learning_rate        | 0.0003     |
|    loss                 | 0.458      |
|    n_updates            | 1550       |
|    policy_gradient_loss | 0.0426     |
|    std                  | 0.476      |
|    value_loss           | 0.577      |
----------------------------------------
Eval num_timesteps=3190000, episode_reward=351.65 +/- 0.00
Episode length: 199.00 +/- 0.00
---------------------------------
| eval/              |          |
|    mean_ep_length  | 199      |
|    mean_reward     | 352      |
| time/              |          |
|    total_timesteps | 3190000  |
---------------------------------
---------------------------------
| rollout/           |          |
|    ep_len_mean     | 199      |
|    ep_rew_mean     | 343      |
| time/              |          |
|    fps             | 445      |
|    iterations      | 156      |
|    time_elapsed    | 7170     |
|    total_timesteps | 3194880  |
---------------------------------
Eval num_timesteps=3200000, episode_reward=363.98 +/- 0.00
Episode length: 199.00 +/- 0.00
----------------------------------------
| eval/                   |            |
|    mean_ep_length       | 199        |
|    mean_reward          | 364        |
| time/                   |            |
|    total_timesteps      | 3200000    |
| train/                  |            |
|    approx_kl            | 0.05048261 |
|    clip_fraction        | 0.395      |
|    clip_range           | 0.2        |
|    entropy_loss         | -5.09      |
|    explained_variance   | -7.87e-06  |
|    learning_rate        | 0.0003     |
|    loss                 | 0.557      |
|    n_updates            | 1560       |
|    policy_gradient_loss | 0.0344     |
|    std                  | 0.475      |
|    value_loss           | 1.29       |
----------------------------------------
Eval num_timesteps=3210000, episode_reward=363.98 +/- 0.00
Episode length: 199.00 +/- 0.00
---------------------------------
| eval/              |          |
|    mean_ep_length  | 199      |
|    mean_reward     | 364      |
| time/              |          |
|    total_timesteps | 3210000  |
---------------------------------
---------------------------------
| rollout/           |          |
|    ep_len_mean     | 199      |
|    ep_rew_mean     | 347      |
| time/              |          |
|    fps             | 445      |
|    iterations      | 157      |
|    time_elapsed    | 7216     |
|    total_timesteps | 3215360  |
---------------------------------
Eval num_timesteps=3220000, episode_reward=265.57 +/- 0.00
Episode length: 197.00 +/- 0.00
----------------------------------------
| eval/                   |            |
|    mean_ep_length       | 197        |
|    mean_reward          | 266        |
| time/                   |            |
|    total_timesteps      | 3220000    |
| train/                  |            |
|    approx_kl            | 0.05548848 |
|    clip_fraction        | 0.386      |
|    clip_range           | 0.2        |
|    entropy_loss         | -5.04      |
|    explained_variance   | -8.34e-07  |
|    learning_rate        | 0.0003     |
|    loss                 | 0.411      |
|    n_updates            | 1570       |
|    policy_gradient_loss | 0.0326     |
|    std                  | 0.473      |
|    value_loss           | 0.882      |
----------------------------------------
Eval num_timesteps=3230000, episode_reward=265.57 +/- 0.00
Episode length: 197.00 +/- 0.00
---------------------------------
| eval/              |          |
|    mean_ep_length  | 197      |
|    mean_reward     | 266      |
| time/              |          |
|    total_timesteps | 3230000  |
---------------------------------
---------------------------------
| rollout/           |          |
|    ep_len_mean     | 199      |
|    ep_rew_mean     | 350      |
| time/              |          |
|    fps             | 445      |
|    iterations      | 158      |
|    time_elapsed    | 7261     |
|    total_timesteps | 3235840  |
---------------------------------
Eval num_timesteps=3240000, episode_reward=243.72 +/- 0.00
Episode length: 197.00 +/- 0.00
-----------------------------------------
| eval/                   |             |
|    mean_ep_length       | 197         |
|    mean_reward          | 244         |
| time/                   |             |
|    total_timesteps      | 3240000     |
| train/                  |             |
|    approx_kl            | 0.078394786 |
|    clip_fraction        | 0.429       |
|    clip_range           | 0.2         |
|    entropy_loss         | -4.95       |
|    explained_variance   | -1.19e-07   |
|    learning_rate        | 0.0003      |
|    loss                 | 0.347       |
|    n_updates            | 1580        |
|    policy_gradient_loss | 0.0473      |
|    std                  | 0.47        |
|    value_loss           | 0.61        |
-----------------------------------------
Eval num_timesteps=3250000, episode_reward=243.72 +/- 0.00
Episode length: 197.00 +/- 0.00
---------------------------------
| eval/              |          |
|    mean_ep_length  | 197      |
|    mean_reward     | 244      |
| time/              |          |
|    total_timesteps | 3250000  |
---------------------------------
---------------------------------
| rollout/           |          |
|    ep_len_mean     | 199      |
|    ep_rew_mean     | 343      |
| time/              |          |
|    fps             | 445      |
|    iterations      | 159      |
|    time_elapsed    | 7307     |
|    total_timesteps | 3256320  |
---------------------------------
Eval num_timesteps=3260000, episode_reward=236.26 +/- 0.00
Episode length: 193.00 +/- 0.00
----------------------------------------
| eval/                   |            |
|    mean_ep_length       | 193        |
|    mean_reward          | 236        |
| time/                   |            |
|    total_timesteps      | 3260000    |
| train/                  |            |
|    approx_kl            | 0.05635587 |
|    clip_fraction        | 0.407      |
|    clip_range           | 0.2        |
|    entropy_loss         | -4.94      |
|    explained_variance   | -5.96e-07  |
|    learning_rate        | 0.0003     |
|    loss                 | 0.255      |
|    n_updates            | 1590       |
|    policy_gradient_loss | 0.0285     |
|    std                  | 0.468      |
|    value_loss           | 0.539      |
----------------------------------------
Eval num_timesteps=3270000, episode_reward=236.26 +/- 0.00
Episode length: 193.00 +/- 0.00
---------------------------------
| eval/              |          |
|    mean_ep_length  | 193      |
|    mean_reward     | 236      |
| time/              |          |
|    total_timesteps | 3270000  |
---------------------------------
---------------------------------
| rollout/           |          |
|    ep_len_mean     | 199      |
|    ep_rew_mean     | 342      |
| time/              |          |
|    fps             | 445      |
|    iterations      | 160      |
|    time_elapsed    | 7353     |
|    total_timesteps | 3276800  |
---------------------------------
Eval num_timesteps=3280000, episode_reward=237.55 +/- 0.00
Episode length: 189.00 +/- 0.00
----------------------------------------
| eval/                   |            |
|    mean_ep_length       | 189        |
|    mean_reward          | 238        |
| time/                   |            |
|    total_timesteps      | 3280000    |
| train/                  |            |
|    approx_kl            | 0.12913153 |
|    clip_fraction        | 0.411      |
|    clip_range           | 0.2        |
|    entropy_loss         | -4.91      |
|    explained_variance   | -2.38e-07  |
|    learning_rate        | 0.0003     |
|    loss                 | 0.287      |
|    n_updates            | 1600       |
|    policy_gradient_loss | 0.0288     |
|    std                  | 0.468      |
|    value_loss           | 0.662      |
----------------------------------------
Eval num_timesteps=3290000, episode_reward=237.55 +/- 0.00
Episode length: 189.00 +/- 0.00
---------------------------------
| eval/              |          |
|    mean_ep_length  | 189      |
|    mean_reward     | 238      |
| time/              |          |
|    total_timesteps | 3290000  |
---------------------------------
---------------------------------
| rollout/           |          |
|    ep_len_mean     | 199      |
|    ep_rew_mean     | 345      |
| time/              |          |
|    fps             | 445      |
|    iterations      | 161      |
|    time_elapsed    | 7399     |
|    total_timesteps | 3297280  |
---------------------------------
Eval num_timesteps=3300000, episode_reward=253.62 +/- 0.00
Episode length: 186.00 +/- 0.00
----------------------------------------
| eval/                   |            |
|    mean_ep_length       | 186        |
|    mean_reward          | 254        |
| time/                   |            |
|    total_timesteps      | 3300000    |
| train/                  |            |
|    approx_kl            | 0.06278753 |
|    clip_fraction        | 0.419      |
|    clip_range           | 0.2        |
|    entropy_loss         | -4.86      |
|    explained_variance   | -5.96e-07  |
|    learning_rate        | 0.0003     |
|    loss                 | 0.231      |
|    n_updates            | 1610       |
|    policy_gradient_loss | 0.0378     |
|    std                  | 0.466      |
|    value_loss           | 0.665      |
----------------------------------------
Eval num_timesteps=3310000, episode_reward=253.62 +/- 0.00
Episode length: 186.00 +/- 0.00
---------------------------------
| eval/              |          |
|    mean_ep_length  | 186      |
|    mean_reward     | 254      |
| time/              |          |
|    total_timesteps | 3310000  |
---------------------------------
---------------------------------
| rollout/           |          |
|    ep_len_mean     | 199      |
|    ep_rew_mean     | 353      |
| time/              |          |
|    fps             | 445      |
|    iterations      | 162      |
|    time_elapsed    | 7446     |
|    total_timesteps | 3317760  |
---------------------------------
Eval num_timesteps=3320000, episode_reward=264.28 +/- 0.00
Episode length: 190.00 +/- 0.00
-----------------------------------------
| eval/                   |             |
|    mean_ep_length       | 190         |
|    mean_reward          | 264         |
| time/                   |             |
|    total_timesteps      | 3320000     |
| train/                  |             |
|    approx_kl            | 0.077246346 |
|    clip_fraction        | 0.407       |
|    clip_range           | 0.2         |
|    entropy_loss         | -4.78       |
|    explained_variance   | -9.54e-07   |
|    learning_rate        | 0.0003      |
|    loss                 | 0.331       |
|    n_updates            | 1620        |
|    policy_gradient_loss | 0.0467      |
|    std                  | 0.459       |
|    value_loss           | 0.62        |
-----------------------------------------
Eval num_timesteps=3330000, episode_reward=264.28 +/- 0.00
Episode length: 190.00 +/- 0.00
---------------------------------
| eval/              |          |
|    mean_ep_length  | 190      |
|    mean_reward     | 264      |
| time/              |          |
|    total_timesteps | 3330000  |
---------------------------------
---------------------------------
| rollout/           |          |
|    ep_len_mean     | 199      |
|    ep_rew_mean     | 353      |
| time/              |          |
|    fps             | 445      |
|    iterations      | 163      |
|    time_elapsed    | 7492     |
|    total_timesteps | 3338240  |
---------------------------------
Eval num_timesteps=3340000, episode_reward=260.63 +/- 0.00
Episode length: 193.00 +/- 0.00
-----------------------------------------
| eval/                   |             |
|    mean_ep_length       | 193         |
|    mean_reward          | 261         |
| time/                   |             |
|    total_timesteps      | 3340000     |
| train/                  |             |
|    approx_kl            | 0.052762516 |
|    clip_fraction        | 0.404       |
|    clip_range           | 0.2         |
|    entropy_loss         | -4.68       |
|    explained_variance   | -3.58e-07   |
|    learning_rate        | 0.0003      |
|    loss                 | 0.423       |
|    n_updates            | 1630        |
|    policy_gradient_loss | 0.0456      |
|    std                  | 0.454       |
|    value_loss           | 0.624       |
-----------------------------------------
Eval num_timesteps=3350000, episode_reward=260.63 +/- 0.00
Episode length: 193.00 +/- 0.00
---------------------------------
| eval/              |          |
|    mean_ep_length  | 193      |
|    mean_reward     | 261      |
| time/              |          |
|    total_timesteps | 3350000  |
---------------------------------
---------------------------------
| rollout/           |          |
|    ep_len_mean     | 199      |
|    ep_rew_mean     | 347      |
| time/              |          |
|    fps             | 445      |
|    iterations      | 164      |
|    time_elapsed    | 7540     |
|    total_timesteps | 3358720  |
---------------------------------
Eval num_timesteps=3360000, episode_reward=265.97 +/- 0.00
Episode length: 195.00 +/- 0.00
----------------------------------------
| eval/                   |            |
|    mean_ep_length       | 195        |
|    mean_reward          | 266        |
| time/                   |            |
|    total_timesteps      | 3360000    |
| train/                  |            |
|    approx_kl            | 0.06812418 |
|    clip_fraction        | 0.42       |
|    clip_range           | 0.2        |
|    entropy_loss         | -4.6       |
|    explained_variance   | 1.19e-07   |
|    learning_rate        | 0.0003     |
|    loss                 | 0.241      |
|    n_updates            | 1640       |
|    policy_gradient_loss | 0.0387     |
|    std                  | 0.448      |
|    value_loss           | 0.591      |
----------------------------------------
Eval num_timesteps=3370000, episode_reward=265.97 +/- 0.00
Episode length: 195.00 +/- 0.00
---------------------------------
| eval/              |          |
|    mean_ep_length  | 195      |
|    mean_reward     | 266      |
| time/              |          |
|    total_timesteps | 3370000  |
---------------------------------
---------------------------------
| rollout/           |          |
|    ep_len_mean     | 199      |
|    ep_rew_mean     | 349      |
| time/              |          |
|    fps             | 445      |
|    iterations      | 165      |
|    time_elapsed    | 7586     |
|    total_timesteps | 3379200  |
---------------------------------
Eval num_timesteps=3380000, episode_reward=270.22 +/- 0.00
Episode length: 196.00 +/- 0.00
----------------------------------------
| eval/                   |            |
|    mean_ep_length       | 196        |
|    mean_reward          | 270        |
| time/                   |            |
|    total_timesteps      | 3380000    |
| train/                  |            |
|    approx_kl            | 0.06771687 |
|    clip_fraction        | 0.412      |
|    clip_range           | 0.2        |
|    entropy_loss         | -4.52      |
|    explained_variance   | -5.96e-07  |
|    learning_rate        | 0.0003     |
|    loss                 | 0.308      |
|    n_updates            | 1650       |
|    policy_gradient_loss | 0.0363     |
|    std                  | 0.445      |
|    value_loss           | 0.518      |
----------------------------------------
Eval num_timesteps=3390000, episode_reward=270.22 +/- 0.00
Episode length: 196.00 +/- 0.00
---------------------------------
| eval/              |          |
|    mean_ep_length  | 196      |
|    mean_reward     | 270      |
| time/              |          |
|    total_timesteps | 3390000  |
---------------------------------
---------------------------------
| rollout/           |          |
|    ep_len_mean     | 199      |
|    ep_rew_mean     | 350      |
| time/              |          |
|    fps             | 445      |
|    iterations      | 166      |
|    time_elapsed    | 7631     |
|    total_timesteps | 3399680  |
---------------------------------
Eval num_timesteps=3400000, episode_reward=271.16 +/- 0.00
Episode length: 196.00 +/- 0.00
-----------------------------------------
| eval/                   |             |
|    mean_ep_length       | 196         |
|    mean_reward          | 271         |
| time/                   |             |
|    total_timesteps      | 3400000     |
| train/                  |             |
|    approx_kl            | 0.071459785 |
|    clip_fraction        | 0.434       |
|    clip_range           | 0.2         |
|    entropy_loss         | -4.49       |
|    explained_variance   | 2.98e-07    |
|    learning_rate        | 0.0003      |
|    loss                 | 0.295       |
|    n_updates            | 1660        |
|    policy_gradient_loss | 0.0466      |
|    std                  | 0.441       |
|    value_loss           | 0.606       |
-----------------------------------------
Eval num_timesteps=3410000, episode_reward=271.16 +/- 0.00
Episode length: 196.00 +/- 0.00
---------------------------------
| eval/              |          |
|    mean_ep_length  | 196      |
|    mean_reward     | 271      |
| time/              |          |
|    total_timesteps | 3410000  |
---------------------------------
Eval num_timesteps=3420000, episode_reward=271.16 +/- 0.00
Episode length: 196.00 +/- 0.00
---------------------------------
| eval/              |          |
|    mean_ep_length  | 196      |
|    mean_reward     | 271      |
| time/              |          |
|    total_timesteps | 3420000  |
---------------------------------
---------------------------------
| rollout/           |          |
|    ep_len_mean     | 199      |
|    ep_rew_mean     | 351      |
| time/              |          |
|    fps             | 445      |
|    iterations      | 167      |
|    time_elapsed    | 7679     |
|    total_timesteps | 3420160  |
---------------------------------
Eval num_timesteps=3430000, episode_reward=274.49 +/- 0.00
Episode length: 199.00 +/- 0.00
----------------------------------------
| eval/                   |            |
|    mean_ep_length       | 199        |
|    mean_reward          | 274        |
| time/                   |            |
|    total_timesteps      | 3430000    |
| train/                  |            |
|    approx_kl            | 0.07894961 |
|    clip_fraction        | 0.416      |
|    clip_range           | 0.2        |
|    entropy_loss         | -4.44      |
|    explained_variance   | 1.19e-07   |
|    learning_rate        | 0.0003     |
|    loss                 | 0.348      |
|    n_updates            | 1670       |
|    policy_gradient_loss | 0.0441     |
|    std                  | 0.439      |
|    value_loss           | 0.804      |
----------------------------------------
Eval num_timesteps=3440000, episode_reward=274.49 +/- 0.00
Episode length: 199.00 +/- 0.00
---------------------------------
| eval/              |          |
|    mean_ep_length  | 199      |
|    mean_reward     | 274      |
| time/              |          |
|    total_timesteps | 3440000  |
---------------------------------
---------------------------------
| rollout/           |          |
|    ep_len_mean     | 199      |
|    ep_rew_mean     | 350      |
| time/              |          |
|    fps             | 445      |
|    iterations      | 168      |
|    time_elapsed    | 7723     |
|    total_timesteps | 3440640  |
---------------------------------
Eval num_timesteps=3450000, episode_reward=382.14 +/- 0.00
Episode length: 199.00 +/- 0.00
----------------------------------------
| eval/                   |            |
|    mean_ep_length       | 199        |
|    mean_reward          | 382        |
| time/                   |            |
|    total_timesteps      | 3450000    |
| train/                  |            |
|    approx_kl            | 0.08323816 |
|    clip_fraction        | 0.416      |
|    clip_range           | 0.2        |
|    entropy_loss         | -4.38      |
|    explained_variance   | -2.5e-06   |
|    learning_rate        | 0.0003     |
|    loss                 | 0.494      |
|    n_updates            | 1680       |
|    policy_gradient_loss | 0.0415     |
|    std                  | 0.434      |
|    value_loss           | 0.968      |
----------------------------------------
Eval num_timesteps=3460000, episode_reward=382.14 +/- 0.00
Episode length: 199.00 +/- 0.00
---------------------------------
| eval/              |          |
|    mean_ep_length  | 199      |
|    mean_reward     | 382      |
| time/              |          |
|    total_timesteps | 3460000  |
---------------------------------
---------------------------------
| rollout/           |          |
|    ep_len_mean     | 199      |
|    ep_rew_mean     | 353      |
| time/              |          |
|    fps             | 445      |
|    iterations      | 169      |
|    time_elapsed    | 7769     |
|    total_timesteps | 3461120  |
---------------------------------
Eval num_timesteps=3470000, episode_reward=366.55 +/- 0.00
Episode length: 199.00 +/- 0.00
----------------------------------------
| eval/                   |            |
|    mean_ep_length       | 199        |
|    mean_reward          | 367        |
| time/                   |            |
|    total_timesteps      | 3470000    |
| train/                  |            |
|    approx_kl            | 0.08420745 |
|    clip_fraction        | 0.42       |
|    clip_range           | 0.2        |
|    entropy_loss         | -4.33      |
|    explained_variance   | -4.65e-06  |
|    learning_rate        | 0.0003     |
|    loss                 | 0.443      |
|    n_updates            | 1690       |
|    policy_gradient_loss | 0.0505     |
|    std                  | 0.432      |
|    value_loss           | 0.974      |
----------------------------------------
Eval num_timesteps=3480000, episode_reward=366.55 +/- 0.00
Episode length: 199.00 +/- 0.00
---------------------------------
| eval/              |          |
|    mean_ep_length  | 199      |
|    mean_reward     | 367      |
| time/              |          |
|    total_timesteps | 3480000  |
---------------------------------
---------------------------------
| rollout/           |          |
|    ep_len_mean     | 199      |
|    ep_rew_mean     | 344      |
| time/              |          |
|    fps             | 445      |
|    iterations      | 170      |
|    time_elapsed    | 7814     |
|    total_timesteps | 3481600  |
---------------------------------
Eval num_timesteps=3490000, episode_reward=376.17 +/- 0.00
Episode length: 199.00 +/- 0.00
-----------------------------------------
| eval/                   |             |
|    mean_ep_length       | 199         |
|    mean_reward          | 376         |
| time/                   |             |
|    total_timesteps      | 3490000     |
| train/                  |             |
|    approx_kl            | 0.054561727 |
|    clip_fraction        | 0.413       |
|    clip_range           | 0.2         |
|    entropy_loss         | -4.31       |
|    explained_variance   | -7.15e-06   |
|    learning_rate        | 0.0003      |
|    loss                 | 0.98        |
|    n_updates            | 1700        |
|    policy_gradient_loss | 0.0407      |
|    std                  | 0.43        |
|    value_loss           | 1.73        |
-----------------------------------------
Eval num_timesteps=3500000, episode_reward=376.17 +/- 0.00
Episode length: 199.00 +/- 0.00
---------------------------------
| eval/              |          |
|    mean_ep_length  | 199      |
|    mean_reward     | 376      |
| time/              |          |
|    total_timesteps | 3500000  |
---------------------------------
---------------------------------
| rollout/           |          |
|    ep_len_mean     | 199      |
|    ep_rew_mean     | 347      |
| time/              |          |
|    fps             | 445      |
|    iterations      | 171      |
|    time_elapsed    | 7858     |
|    total_timesteps | 3502080  |
---------------------------------
Eval num_timesteps=3510000, episode_reward=328.15 +/- 0.00
Episode length: 199.00 +/- 0.00
---------------------------------------
| eval/                   |           |
|    mean_ep_length       | 199       |
|    mean_reward          | 328       |
| time/                   |           |
|    total_timesteps      | 3510000   |
| train/                  |           |
|    approx_kl            | 3.8838432 |
|    clip_fraction        | 0.56      |
|    clip_range           | 0.2       |
|    entropy_loss         | -4.25     |
|    explained_variance   | -1.07e-06 |
|    learning_rate        | 0.0003    |
|    loss                 | 0.971     |
|    n_updates            | 1710      |
|    policy_gradient_loss | 0.0686    |
|    std                  | 0.423     |
|    value_loss           | 1.94      |
---------------------------------------
Eval num_timesteps=3520000, episode_reward=328.15 +/- 0.00
Episode length: 199.00 +/- 0.00
---------------------------------
| eval/              |          |
|    mean_ep_length  | 199      |
|    mean_reward     | 328      |
| time/              |          |
|    total_timesteps | 3520000  |
---------------------------------
---------------------------------
| rollout/           |          |
|    ep_len_mean     | 199      |
|    ep_rew_mean     | 319      |
| time/              |          |
|    fps             | 445      |
|    iterations      | 172      |
|    time_elapsed    | 7903     |
|    total_timesteps | 3522560  |
---------------------------------
Eval num_timesteps=3530000, episode_reward=324.33 +/- 0.00
Episode length: 199.00 +/- 0.00
-----------------------------------------
| eval/                   |             |
|    mean_ep_length       | 199         |
|    mean_reward          | 324         |
| time/                   |             |
|    total_timesteps      | 3530000     |
| train/                  |             |
|    approx_kl            | 0.044775974 |
|    clip_fraction        | 0.404       |
|    clip_range           | 0.2         |
|    entropy_loss         | -4.18       |
|    explained_variance   | -1.91e-06   |
|    learning_rate        | 0.0003      |
|    loss                 | 11.9        |
|    n_updates            | 1720        |
|    policy_gradient_loss | 0.0441      |
|    std                  | 0.424       |
|    value_loss           | 22.5        |
-----------------------------------------
Eval num_timesteps=3540000, episode_reward=324.33 +/- 0.00
Episode length: 199.00 +/- 0.00
---------------------------------
| eval/              |          |
|    mean_ep_length  | 199      |
|    mean_reward     | 324      |
| time/              |          |
|    total_timesteps | 3540000  |
---------------------------------
---------------------------------
| rollout/           |          |
|    ep_len_mean     | 199      |
|    ep_rew_mean     | 311      |
| time/              |          |
|    fps             | 445      |
|    iterations      | 173      |
|    time_elapsed    | 7949     |
|    total_timesteps | 3543040  |
---------------------------------
Eval num_timesteps=3550000, episode_reward=312.69 +/- 0.00
Episode length: 199.00 +/- 0.00
-----------------------------------------
| eval/                   |             |
|    mean_ep_length       | 199         |
|    mean_reward          | 313         |
| time/                   |             |
|    total_timesteps      | 3550000     |
| train/                  |             |
|    approx_kl            | 0.059783995 |
|    clip_fraction        | 0.427       |
|    clip_range           | 0.2         |
|    entropy_loss         | -4.24       |
|    explained_variance   | -3.58e-07   |
|    learning_rate        | 0.0003      |
|    loss                 | 20          |
|    n_updates            | 1730        |
|    policy_gradient_loss | 0.0481      |
|    std                  | 0.427       |
|    value_loss           | 28.2        |
-----------------------------------------
Eval num_timesteps=3560000, episode_reward=312.69 +/- 0.00
Episode length: 199.00 +/- 0.00
---------------------------------
| eval/              |          |
|    mean_ep_length  | 199      |
|    mean_reward     | 313      |
| time/              |          |
|    total_timesteps | 3560000  |
---------------------------------
---------------------------------
| rollout/           |          |
|    ep_len_mean     | 199      |
|    ep_rew_mean     | 316      |
| time/              |          |
|    fps             | 445      |
|    iterations      | 174      |
|    time_elapsed    | 7997     |
|    total_timesteps | 3563520  |
---------------------------------
Eval num_timesteps=3570000, episode_reward=315.93 +/- 0.00
Episode length: 199.00 +/- 0.00
-----------------------------------------
| eval/                   |             |
|    mean_ep_length       | 199         |
|    mean_reward          | 316         |
| time/                   |             |
|    total_timesteps      | 3570000     |
| train/                  |             |
|    approx_kl            | 0.088746086 |
|    clip_fraction        | 0.443       |
|    clip_range           | 0.2         |
|    entropy_loss         | -4.28       |
|    explained_variance   | -1.19e-07   |
|    learning_rate        | 0.0003      |
|    loss                 | 6.92        |
|    n_updates            | 1740        |
|    policy_gradient_loss | 0.0492      |
|    std                  | 0.428       |
|    value_loss           | 16.6        |
-----------------------------------------
Eval num_timesteps=3580000, episode_reward=315.93 +/- 0.00
Episode length: 199.00 +/- 0.00
---------------------------------
| eval/              |          |
|    mean_ep_length  | 199      |
|    mean_reward     | 316      |
| time/              |          |
|    total_timesteps | 3580000  |
---------------------------------
---------------------------------
| rollout/           |          |
|    ep_len_mean     | 199      |
|    ep_rew_mean     | 319      |
| time/              |          |
|    fps             | 445      |
|    iterations      | 175      |
|    time_elapsed    | 8042     |
|    total_timesteps | 3584000  |
---------------------------------
Eval num_timesteps=3590000, episode_reward=309.44 +/- 0.00
Episode length: 199.00 +/- 0.00
----------------------------------------
| eval/                   |            |
|    mean_ep_length       | 199        |
|    mean_reward          | 309        |
| time/                   |            |
|    total_timesteps      | 3590000    |
| train/                  |            |
|    approx_kl            | 0.08755159 |
|    clip_fraction        | 0.419      |
|    clip_range           | 0.2        |
|    entropy_loss         | -4.31      |
|    explained_variance   | 0          |
|    learning_rate        | 0.0003     |
|    loss                 | 9.37       |
|    n_updates            | 1750       |
|    policy_gradient_loss | 0.0426     |
|    std                  | 0.431      |
|    value_loss           | 16.6       |
----------------------------------------
Eval num_timesteps=3600000, episode_reward=309.44 +/- 0.00
Episode length: 199.00 +/- 0.00
---------------------------------
| eval/              |          |
|    mean_ep_length  | 199      |
|    mean_reward     | 309      |
| time/              |          |
|    total_timesteps | 3600000  |
---------------------------------
---------------------------------
| rollout/           |          |
|    ep_len_mean     | 199      |
|    ep_rew_mean     | 313      |
| time/              |          |
|    fps             | 445      |
|    iterations      | 176      |
|    time_elapsed    | 8090     |
|    total_timesteps | 3604480  |
---------------------------------
Eval num_timesteps=3610000, episode_reward=309.19 +/- 0.00
Episode length: 199.00 +/- 0.00
-----------------------------------------
| eval/                   |             |
|    mean_ep_length       | 199         |
|    mean_reward          | 309         |
| time/                   |             |
|    total_timesteps      | 3610000     |
| train/                  |             |
|    approx_kl            | 0.064253345 |
|    clip_fraction        | 0.399       |
|    clip_range           | 0.2         |
|    entropy_loss         | -4.33       |
|    explained_variance   | -7.15e-07   |
|    learning_rate        | 0.0003      |
|    loss                 | 14.7        |
|    n_updates            | 1760        |
|    policy_gradient_loss | 0.0417      |
|    std                  | 0.433       |
|    value_loss           | 26.2        |
-----------------------------------------
Eval num_timesteps=3620000, episode_reward=309.19 +/- 0.00
Episode length: 199.00 +/- 0.00
---------------------------------
| eval/              |          |
|    mean_ep_length  | 199      |
|    mean_reward     | 309      |
| time/              |          |
|    total_timesteps | 3620000  |
---------------------------------
---------------------------------
| rollout/           |          |
|    ep_len_mean     | 199      |
|    ep_rew_mean     | 306      |
| time/              |          |
|    fps             | 445      |
|    iterations      | 177      |
|    time_elapsed    | 8137     |
|    total_timesteps | 3624960  |
---------------------------------
Eval num_timesteps=3630000, episode_reward=303.99 +/- 0.00
Episode length: 199.00 +/- 0.00
-----------------------------------------
| eval/                   |             |
|    mean_ep_length       | 199         |
|    mean_reward          | 304         |
| time/                   |             |
|    total_timesteps      | 3630000     |
| train/                  |             |
|    approx_kl            | 0.060006082 |
|    clip_fraction        | 0.39        |
|    clip_range           | 0.2         |
|    entropy_loss         | -4.38       |
|    explained_variance   | 0           |
|    learning_rate        | 0.0003      |
|    loss                 | 17.3        |
|    n_updates            | 1770        |
|    policy_gradient_loss | 0.0404      |
|    std                  | 0.436       |
|    value_loss           | 33.2        |
-----------------------------------------
Eval num_timesteps=3640000, episode_reward=303.99 +/- 0.00
Episode length: 199.00 +/- 0.00
---------------------------------
| eval/              |          |
|    mean_ep_length  | 199      |
|    mean_reward     | 304      |
| time/              |          |
|    total_timesteps | 3640000  |
---------------------------------
---------------------------------
| rollout/           |          |
|    ep_len_mean     | 199      |
|    ep_rew_mean     | 302      |
| time/              |          |
|    fps             | 445      |
|    iterations      | 178      |
|    time_elapsed    | 8184     |
|    total_timesteps | 3645440  |
---------------------------------
Eval num_timesteps=3650000, episode_reward=309.96 +/- 0.00
Episode length: 199.00 +/- 0.00
----------------------------------------
| eval/                   |            |
|    mean_ep_length       | 199        |
|    mean_reward          | 310        |
| time/                   |            |
|    total_timesteps      | 3650000    |
| train/                  |            |
|    approx_kl            | 0.05579744 |
|    clip_fraction        | 0.401      |
|    clip_range           | 0.2        |
|    entropy_loss         | -4.4       |
|    explained_variance   | 0          |
|    learning_rate        | 0.0003     |
|    loss                 | 27.1       |
|    n_updates            | 1780       |
|    policy_gradient_loss | 0.045      |
|    std                  | 0.437      |
|    value_loss           | 37.4       |
----------------------------------------
Eval num_timesteps=3660000, episode_reward=309.96 +/- 0.00
Episode length: 199.00 +/- 0.00
---------------------------------
| eval/              |          |
|    mean_ep_length  | 199      |
|    mean_reward     | 310      |
| time/              |          |
|    total_timesteps | 3660000  |
---------------------------------
---------------------------------
| rollout/           |          |
|    ep_len_mean     | 199      |
|    ep_rew_mean     | 292      |
| time/              |          |
|    fps             | 445      |
|    iterations      | 179      |
|    time_elapsed    | 8229     |
|    total_timesteps | 3665920  |
---------------------------------
Eval num_timesteps=3670000, episode_reward=308.68 +/- 0.00
Episode length: 199.00 +/- 0.00
----------------------------------------
| eval/                   |            |
|    mean_ep_length       | 199        |
|    mean_reward          | 309        |
| time/                   |            |
|    total_timesteps      | 3670000    |
| train/                  |            |
|    approx_kl            | 0.06767127 |
|    clip_fraction        | 0.399      |
|    clip_range           | 0.2        |
|    entropy_loss         | -4.44      |
|    explained_variance   | -1.19e-07  |
|    learning_rate        | 0.0003     |
|    loss                 | 22.5       |
|    n_updates            | 1790       |
|    policy_gradient_loss | 0.0427     |
|    std                  | 0.441      |
|    value_loss           | 38.1       |
----------------------------------------
Eval num_timesteps=3680000, episode_reward=308.68 +/- 0.00
Episode length: 199.00 +/- 0.00
---------------------------------
| eval/              |          |
|    mean_ep_length  | 199      |
|    mean_reward     | 309      |
| time/              |          |
|    total_timesteps | 3680000  |
---------------------------------
---------------------------------
| rollout/           |          |
|    ep_len_mean     | 199      |
|    ep_rew_mean     | 291      |
| time/              |          |
|    fps             | 445      |
|    iterations      | 180      |
|    time_elapsed    | 8275     |
|    total_timesteps | 3686400  |
---------------------------------
Eval num_timesteps=3690000, episode_reward=312.34 +/- 0.00
Episode length: 199.00 +/- 0.00
-----------------------------------------
| eval/                   |             |
|    mean_ep_length       | 199         |
|    mean_reward          | 312         |
| time/                   |             |
|    total_timesteps      | 3690000     |
| train/                  |             |
|    approx_kl            | 0.053854384 |
|    clip_fraction        | 0.385       |
|    clip_range           | 0.2         |
|    entropy_loss         | -4.49       |
|    explained_variance   | 0           |
|    learning_rate        | 0.0003      |
|    loss                 | 17          |
|    n_updates            | 1800        |
|    policy_gradient_loss | 0.0379      |
|    std                  | 0.444       |
|    value_loss           | 38.8        |
-----------------------------------------
Eval num_timesteps=3700000, episode_reward=312.34 +/- 0.00
Episode length: 199.00 +/- 0.00
---------------------------------
| eval/              |          |
|    mean_ep_length  | 199      |
|    mean_reward     | 312      |
| time/              |          |
|    total_timesteps | 3700000  |
---------------------------------
---------------------------------
| rollout/           |          |
|    ep_len_mean     | 199      |
|    ep_rew_mean     | 302      |
| time/              |          |
|    fps             | 445      |
|    iterations      | 181      |
|    time_elapsed    | 8321     |
|    total_timesteps | 3706880  |
---------------------------------
Eval num_timesteps=3710000, episode_reward=310.07 +/- 0.00
Episode length: 199.00 +/- 0.00
----------------------------------------
| eval/                   |            |
|    mean_ep_length       | 199        |
|    mean_reward          | 310        |
| time/                   |            |
|    total_timesteps      | 3710000    |
| train/                  |            |
|    approx_kl            | 0.05615633 |
|    clip_fraction        | 0.374      |
|    clip_range           | 0.2        |
|    entropy_loss         | -4.53      |
|    explained_variance   | -1.19e-07  |
|    learning_rate        | 0.0003     |
|    loss                 | 15.4       |
|    n_updates            | 1810       |
|    policy_gradient_loss | 0.035      |
|    std                  | 0.445      |
|    value_loss           | 32.6       |
----------------------------------------
Eval num_timesteps=3720000, episode_reward=310.07 +/- 0.00
Episode length: 199.00 +/- 0.00
---------------------------------
| eval/              |          |
|    mean_ep_length  | 199      |
|    mean_reward     | 310      |
| time/              |          |
|    total_timesteps | 3720000  |
---------------------------------
---------------------------------
| rollout/           |          |
|    ep_len_mean     | 199      |
|    ep_rew_mean     | 310      |
| time/              |          |
|    fps             | 445      |
|    iterations      | 182      |
|    time_elapsed    | 8369     |
|    total_timesteps | 3727360  |
---------------------------------
Eval num_timesteps=3730000, episode_reward=309.82 +/- 0.00
Episode length: 199.00 +/- 0.00
----------------------------------------
| eval/                   |            |
|    mean_ep_length       | 199        |
|    mean_reward          | 310        |
| time/                   |            |
|    total_timesteps      | 3730000    |
| train/                  |            |
|    approx_kl            | 0.04156471 |
|    clip_fraction        | 0.364      |
|    clip_range           | 0.2        |
|    entropy_loss         | -4.56      |
|    explained_variance   | 0          |
|    learning_rate        | 0.0003     |
|    loss                 | 11.4       |
|    n_updates            | 1820       |
|    policy_gradient_loss | 0.0336     |
|    std                  | 0.448      |
|    value_loss           | 24.8       |
----------------------------------------
Eval num_timesteps=3740000, episode_reward=309.82 +/- 0.00
Episode length: 199.00 +/- 0.00
---------------------------------
| eval/              |          |
|    mean_ep_length  | 199      |
|    mean_reward     | 310      |
| time/              |          |
|    total_timesteps | 3740000  |
---------------------------------
---------------------------------
| rollout/           |          |
|    ep_len_mean     | 199      |
|    ep_rew_mean     | 306      |
| time/              |          |
|    fps             | 445      |
|    iterations      | 183      |
|    time_elapsed    | 8415     |
|    total_timesteps | 3747840  |
---------------------------------
Eval num_timesteps=3750000, episode_reward=311.33 +/- 0.00
Episode length: 199.00 +/- 0.00
----------------------------------------
| eval/                   |            |
|    mean_ep_length       | 199        |
|    mean_reward          | 311        |
| time/                   |            |
|    total_timesteps      | 3750000    |
| train/                  |            |
|    approx_kl            | 0.05782959 |
|    clip_fraction        | 0.379      |
|    clip_range           | 0.2        |
|    entropy_loss         | -4.61      |
|    explained_variance   | 0          |
|    learning_rate        | 0.0003     |
|    loss                 | 14.2       |
|    n_updates            | 1830       |
|    policy_gradient_loss | 0.0378     |
|    std                  | 0.451      |
|    value_loss           | 30.2       |
----------------------------------------
Eval num_timesteps=3760000, episode_reward=311.33 +/- 0.00
Episode length: 199.00 +/- 0.00
---------------------------------
| eval/              |          |
|    mean_ep_length  | 199      |
|    mean_reward     | 311      |
| time/              |          |
|    total_timesteps | 3760000  |
---------------------------------
---------------------------------
| rollout/           |          |
|    ep_len_mean     | 199      |
|    ep_rew_mean     | 309      |
| time/              |          |
|    fps             | 445      |
|    iterations      | 184      |
|    time_elapsed    | 8461     |
|    total_timesteps | 3768320  |
---------------------------------
Eval num_timesteps=3770000, episode_reward=311.20 +/- 0.00
Episode length: 199.00 +/- 0.00
-----------------------------------------
| eval/                   |             |
|    mean_ep_length       | 199         |
|    mean_reward          | 311         |
| time/                   |             |
|    total_timesteps      | 3770000     |
| train/                  |             |
|    approx_kl            | 0.040859748 |
|    clip_fraction        | 0.382       |
|    clip_range           | 0.2         |
|    entropy_loss         | -4.67       |
|    explained_variance   | -1.19e-07   |
|    learning_rate        | 0.0003      |
|    loss                 | 5.95        |
|    n_updates            | 1840        |
|    policy_gradient_loss | 0.035       |
|    std                  | 0.453       |
|    value_loss           | 25.3        |
-----------------------------------------
Eval num_timesteps=3780000, episode_reward=311.20 +/- 0.00
Episode length: 199.00 +/- 0.00
---------------------------------
| eval/              |          |
|    mean_ep_length  | 199      |
|    mean_reward     | 311      |
| time/              |          |
|    total_timesteps | 3780000  |
---------------------------------
---------------------------------
| rollout/           |          |
|    ep_len_mean     | 199      |
|    ep_rew_mean     | 312      |
| time/              |          |
|    fps             | 445      |
|    iterations      | 185      |
|    time_elapsed    | 8508     |
|    total_timesteps | 3788800  |
---------------------------------
Eval num_timesteps=3790000, episode_reward=295.59 +/- 0.00
Episode length: 199.00 +/- 0.00
---------------------------------------
| eval/                   |           |
|    mean_ep_length       | 199       |
|    mean_reward          | 296       |
| time/                   |           |
|    total_timesteps      | 3790000   |
| train/                  |           |
|    approx_kl            | 0.0498757 |
|    clip_fraction        | 0.385     |
|    clip_range           | 0.2       |
|    entropy_loss         | -4.71     |
|    explained_variance   | 0         |
|    learning_rate        | 0.0003    |
|    loss                 | 8.68      |
|    n_updates            | 1850      |
|    policy_gradient_loss | 0.0376    |
|    std                  | 0.456     |
|    value_loss           | 20.1      |
---------------------------------------
Eval num_timesteps=3800000, episode_reward=295.59 +/- 0.00
Episode length: 199.00 +/- 0.00
---------------------------------
| eval/              |          |
|    mean_ep_length  | 199      |
|    mean_reward     | 296      |
| time/              |          |
|    total_timesteps | 3800000  |
---------------------------------
---------------------------------
| rollout/           |          |
|    ep_len_mean     | 199      |
|    ep_rew_mean     | 305      |
| time/              |          |
|    fps             | 445      |
|    iterations      | 186      |
|    time_elapsed    | 8554     |
|    total_timesteps | 3809280  |
---------------------------------
Eval num_timesteps=3810000, episode_reward=300.11 +/- 0.00
Episode length: 199.00 +/- 0.00
-----------------------------------------
| eval/                   |             |
|    mean_ep_length       | 199         |
|    mean_reward          | 300         |
| time/                   |             |
|    total_timesteps      | 3810000     |
| train/                  |             |
|    approx_kl            | 0.058992207 |
|    clip_fraction        | 0.387       |
|    clip_range           | 0.2         |
|    entropy_loss         | -4.72       |
|    explained_variance   | -1.19e-07   |
|    learning_rate        | 0.0003      |
|    loss                 | 5.92        |
|    n_updates            | 1860        |
|    policy_gradient_loss | 0.0301      |
|    std                  | 0.455       |
|    value_loss           | 10.3        |
-----------------------------------------
Eval num_timesteps=3820000, episode_reward=300.11 +/- 0.00
Episode length: 199.00 +/- 0.00
---------------------------------
| eval/              |          |
|    mean_ep_length  | 199      |
|    mean_reward     | 300      |
| time/              |          |
|    total_timesteps | 3820000  |
---------------------------------
---------------------------------
| rollout/           |          |
|    ep_len_mean     | 199      |
|    ep_rew_mean     | 310      |
| time/              |          |
|    fps             | 445      |
|    iterations      | 187      |
|    time_elapsed    | 8601     |
|    total_timesteps | 3829760  |
---------------------------------
Eval num_timesteps=3830000, episode_reward=313.96 +/- 0.00
Episode length: 199.00 +/- 0.00
----------------------------------------
| eval/                   |            |
|    mean_ep_length       | 199        |
|    mean_reward          | 314        |
| time/                   |            |
|    total_timesteps      | 3830000    |
| train/                  |            |
|    approx_kl            | 0.04772089 |
|    clip_fraction        | 0.388      |
|    clip_range           | 0.2        |
|    entropy_loss         | -4.7       |
|    explained_variance   | -1.19e-07  |
|    learning_rate        | 0.0003     |
|    loss                 | 9.54       |
|    n_updates            | 1870       |
|    policy_gradient_loss | 0.0344     |
|    std                  | 0.455      |
|    value_loss           | 15.3       |
----------------------------------------
Eval num_timesteps=3840000, episode_reward=313.96 +/- 0.00
Episode length: 199.00 +/- 0.00
---------------------------------
| eval/              |          |
|    mean_ep_length  | 199      |
|    mean_reward     | 314      |
| time/              |          |
|    total_timesteps | 3840000  |
---------------------------------
Eval num_timesteps=3850000, episode_reward=313.96 +/- 0.00
Episode length: 199.00 +/- 0.00
---------------------------------
| eval/              |          |
|    mean_ep_length  | 199      |
|    mean_reward     | 314      |
| time/              |          |
|    total_timesteps | 3850000  |
---------------------------------
---------------------------------
| rollout/           |          |
|    ep_len_mean     | 199      |
|    ep_rew_mean     | 311      |
| time/              |          |
|    fps             | 445      |
|    iterations      | 188      |
|    time_elapsed    | 8650     |
|    total_timesteps | 3850240  |
---------------------------------
Eval num_timesteps=3860000, episode_reward=314.33 +/- 0.00
Episode length: 199.00 +/- 0.00
---------------------------------------
| eval/                   |           |
|    mean_ep_length       | 199       |
|    mean_reward          | 314       |
| time/                   |           |
|    total_timesteps      | 3860000   |
| train/                  |           |
|    approx_kl            | 0.0455378 |
|    clip_fraction        | 0.387     |
|    clip_range           | 0.2       |
|    entropy_loss         | -4.71     |
|    explained_variance   | 0         |
|    learning_rate        | 0.0003    |
|    loss                 | 19.5      |
|    n_updates            | 1880      |
|    policy_gradient_loss | 0.0364    |
|    std                  | 0.456     |
|    value_loss           | 24.3      |
---------------------------------------
Eval num_timesteps=3870000, episode_reward=314.33 +/- 0.00
Episode length: 199.00 +/- 0.00
---------------------------------
| eval/              |          |
|    mean_ep_length  | 199      |
|    mean_reward     | 314      |
| time/              |          |
|    total_timesteps | 3870000  |
---------------------------------
---------------------------------
| rollout/           |          |
|    ep_len_mean     | 199      |
|    ep_rew_mean     | 305      |
| time/              |          |
|    fps             | 444      |
|    iterations      | 189      |
|    time_elapsed    | 8698     |
|    total_timesteps | 3870720  |
---------------------------------
Eval num_timesteps=3880000, episode_reward=297.32 +/- 0.00
Episode length: 199.00 +/- 0.00
----------------------------------------
| eval/                   |            |
|    mean_ep_length       | 199        |
|    mean_reward          | 297        |
| time/                   |            |
|    total_timesteps      | 3880000    |
| train/                  |            |
|    approx_kl            | 0.07907117 |
|    clip_fraction        | 0.379      |
|    clip_range           | 0.2        |
|    entropy_loss         | -4.76      |
|    explained_variance   | 0          |
|    learning_rate        | 0.0003     |
|    loss                 | 18         |
|    n_updates            | 1890       |
|    policy_gradient_loss | 0.0342     |
|    std                  | 0.46       |
|    value_loss           | 28.3       |
----------------------------------------
Eval num_timesteps=3890000, episode_reward=297.32 +/- 0.00
Episode length: 199.00 +/- 0.00
---------------------------------
| eval/              |          |
|    mean_ep_length  | 199      |
|    mean_reward     | 297      |
| time/              |          |
|    total_timesteps | 3890000  |
---------------------------------
---------------------------------
| rollout/           |          |
|    ep_len_mean     | 199      |
|    ep_rew_mean     | 283      |
| time/              |          |
|    fps             | 444      |
|    iterations      | 190      |
|    time_elapsed    | 8746     |
|    total_timesteps | 3891200  |
---------------------------------
Eval num_timesteps=3900000, episode_reward=311.20 +/- 0.00
Episode length: 199.00 +/- 0.00
-----------------------------------------
| eval/                   |             |
|    mean_ep_length       | 199         |
|    mean_reward          | 311         |
| time/                   |             |
|    total_timesteps      | 3900000     |
| train/                  |             |
|    approx_kl            | 0.043382864 |
|    clip_fraction        | 0.358       |
|    clip_range           | 0.2         |
|    entropy_loss         | -4.83       |
|    explained_variance   | 0           |
|    learning_rate        | 0.0003      |
|    loss                 | 10.2        |
|    n_updates            | 1900        |
|    policy_gradient_loss | 0.0299      |
|    std                  | 0.463       |
|    value_loss           | 34.7        |
-----------------------------------------
Eval num_timesteps=3910000, episode_reward=311.20 +/- 0.00
Episode length: 199.00 +/- 0.00
---------------------------------
| eval/              |          |
|    mean_ep_length  | 199      |
|    mean_reward     | 311      |
| time/              |          |
|    total_timesteps | 3910000  |
---------------------------------
---------------------------------
| rollout/           |          |
|    ep_len_mean     | 199      |
|    ep_rew_mean     | 309      |
| time/              |          |
|    fps             | 444      |
|    iterations      | 191      |
|    time_elapsed    | 8790     |
|    total_timesteps | 3911680  |
---------------------------------
Eval num_timesteps=3920000, episode_reward=319.45 +/- 0.00
Episode length: 199.00 +/- 0.00
-----------------------------------------
| eval/                   |             |
|    mean_ep_length       | 199         |
|    mean_reward          | 319         |
| time/                   |             |
|    total_timesteps      | 3920000     |
| train/                  |             |
|    approx_kl            | 0.047220152 |
|    clip_fraction        | 0.371       |
|    clip_range           | 0.2         |
|    entropy_loss         | -4.82       |
|    explained_variance   | 0           |
|    learning_rate        | 0.0003      |
|    loss                 | 11.8        |
|    n_updates            | 1910        |
|    policy_gradient_loss | 0.0341      |
|    std                  | 0.461       |
|    value_loss           | 23.6        |
-----------------------------------------
Eval num_timesteps=3930000, episode_reward=319.45 +/- 0.00
Episode length: 199.00 +/- 0.00
---------------------------------
| eval/              |          |
|    mean_ep_length  | 199      |
|    mean_reward     | 319      |
| time/              |          |
|    total_timesteps | 3930000  |
---------------------------------
---------------------------------
| rollout/           |          |
|    ep_len_mean     | 199      |
|    ep_rew_mean     | 309      |
| time/              |          |
|    fps             | 444      |
|    iterations      | 192      |
|    time_elapsed    | 8837     |
|    total_timesteps | 3932160  |
---------------------------------
Eval num_timesteps=3940000, episode_reward=314.79 +/- 0.00
Episode length: 199.00 +/- 0.00
----------------------------------------
| eval/                   |            |
|    mean_ep_length       | 199        |
|    mean_reward          | 315        |
| time/                   |            |
|    total_timesteps      | 3940000    |
| train/                  |            |
|    approx_kl            | 0.06025983 |
|    clip_fraction        | 0.358      |
|    clip_range           | 0.2        |
|    entropy_loss         | -4.83      |
|    explained_variance   | 5.96e-08   |
|    learning_rate        | 0.0003     |
|    loss                 | 10.8       |
|    n_updates            | 1920       |
|    policy_gradient_loss | 0.0292     |
|    std                  | 0.462      |
|    value_loss           | 22.8       |
----------------------------------------
Eval num_timesteps=3950000, episode_reward=314.79 +/- 0.00
Episode length: 199.00 +/- 0.00
---------------------------------
| eval/              |          |
|    mean_ep_length  | 199      |
|    mean_reward     | 315      |
| time/              |          |
|    total_timesteps | 3950000  |
---------------------------------
---------------------------------
| rollout/           |          |
|    ep_len_mean     | 199      |
|    ep_rew_mean     | 299      |
| time/              |          |
|    fps             | 444      |
|    iterations      | 193      |
|    time_elapsed    | 8884     |
|    total_timesteps | 3952640  |
---------------------------------
Eval num_timesteps=3960000, episode_reward=309.75 +/- 0.00
Episode length: 199.00 +/- 0.00
-----------------------------------------
| eval/                   |             |
|    mean_ep_length       | 199         |
|    mean_reward          | 310         |
| time/                   |             |
|    total_timesteps      | 3960000     |
| train/                  |             |
|    approx_kl            | 0.056765355 |
|    clip_fraction        | 0.353       |
|    clip_range           | 0.2         |
|    entropy_loss         | -4.83       |
|    explained_variance   | 0           |
|    learning_rate        | 0.0003      |
|    loss                 | 15.2        |
|    n_updates            | 1930        |
|    policy_gradient_loss | 0.0298      |
|    std                  | 0.464       |
|    value_loss           | 30.5        |
-----------------------------------------
Eval num_timesteps=3970000, episode_reward=309.75 +/- 0.00
Episode length: 199.00 +/- 0.00
---------------------------------
| eval/              |          |
|    mean_ep_length  | 199      |
|    mean_reward     | 310      |
| time/              |          |
|    total_timesteps | 3970000  |
---------------------------------
---------------------------------
| rollout/           |          |
|    ep_len_mean     | 199      |
|    ep_rew_mean     | 293      |
| time/              |          |
|    fps             | 444      |
|    iterations      | 194      |
|    time_elapsed    | 8930     |
|    total_timesteps | 3973120  |
---------------------------------
Eval num_timesteps=3980000, episode_reward=298.45 +/- 0.00
Episode length: 199.00 +/- 0.00
-----------------------------------------
| eval/                   |             |
|    mean_ep_length       | 199         |
|    mean_reward          | 298         |
| time/                   |             |
|    total_timesteps      | 3980000     |
| train/                  |             |
|    approx_kl            | 0.064507544 |
|    clip_fraction        | 0.379       |
|    clip_range           | 0.2         |
|    entropy_loss         | -4.89       |
|    explained_variance   | 5.96e-08    |
|    learning_rate        | 0.0003      |
|    loss                 | 25.6        |
|    n_updates            | 1940        |
|    policy_gradient_loss | 0.0352      |
|    std                  | 0.467       |
|    value_loss           | 31.3        |
-----------------------------------------
Eval num_timesteps=3990000, episode_reward=298.45 +/- 0.00
Episode length: 199.00 +/- 0.00
---------------------------------
| eval/              |          |
|    mean_ep_length  | 199      |
|    mean_reward     | 298      |
| time/              |          |
|    total_timesteps | 3990000  |
---------------------------------
---------------------------------
| rollout/           |          |
|    ep_len_mean     | 199      |
|    ep_rew_mean     | 281      |
| time/              |          |
|    fps             | 444      |
|    iterations      | 195      |
|    time_elapsed    | 8975     |
|    total_timesteps | 3993600  |
---------------------------------
Eval num_timesteps=4000000, episode_reward=313.95 +/- 0.00
Episode length: 199.00 +/- 0.00
---------------------------------------
| eval/                   |           |
|    mean_ep_length       | 199       |
|    mean_reward          | 314       |
| time/                   |           |
|    total_timesteps      | 4000000   |
| train/                  |           |
|    approx_kl            | 0.0379124 |
|    clip_fraction        | 0.351     |
|    clip_range           | 0.2       |
|    entropy_loss         | -4.94     |
|    explained_variance   | -1.19e-07 |
|    learning_rate        | 0.0003    |
|    loss                 | 23.4      |
|    n_updates            | 1950      |
|    policy_gradient_loss | 0.0279    |
|    std                  | 0.47      |
|    value_loss           | 37.8      |
---------------------------------------
Eval num_timesteps=4010000, episode_reward=313.95 +/- 0.00
Episode length: 199.00 +/- 0.00
---------------------------------
| eval/              |          |
|    mean_ep_length  | 199      |
|    mean_reward     | 314      |
| time/              |          |
|    total_timesteps | 4010000  |
---------------------------------
---------------------------------
| rollout/           |          |
|    ep_len_mean     | 199      |
|    ep_rew_mean     | 302      |
| time/              |          |
|    fps             | 444      |
|    iterations      | 196      |
|    time_elapsed    | 9022     |
|    total_timesteps | 4014080  |
---------------------------------
Eval num_timesteps=4020000, episode_reward=281.58 +/- 0.00
Episode length: 199.00 +/- 0.00
-----------------------------------------
| eval/                   |             |
|    mean_ep_length       | 199         |
|    mean_reward          | 282         |
| time/                   |             |
|    total_timesteps      | 4020000     |
| train/                  |             |
|    approx_kl            | 0.048386525 |
|    clip_fraction        | 0.348       |
|    clip_range           | 0.2         |
|    entropy_loss         | -5          |
|    explained_variance   | 0           |
|    learning_rate        | 0.0003      |
|    loss                 | 13.1        |
|    n_updates            | 1960        |
|    policy_gradient_loss | 0.028       |
|    std                  | 0.473       |
|    value_loss           | 27.2        |
-----------------------------------------
Eval num_timesteps=4030000, episode_reward=281.58 +/- 0.00
Episode length: 199.00 +/- 0.00
---------------------------------
| eval/              |          |
|    mean_ep_length  | 199      |
|    mean_reward     | 282      |
| time/              |          |
|    total_timesteps | 4030000  |
---------------------------------
---------------------------------
| rollout/           |          |
|    ep_len_mean     | 199      |
|    ep_rew_mean     | 268      |
| time/              |          |
|    fps             | 444      |
|    iterations      | 197      |
|    time_elapsed    | 9070     |
|    total_timesteps | 4034560  |
---------------------------------
Eval num_timesteps=4040000, episode_reward=298.48 +/- 0.00
Episode length: 199.00 +/- 0.00
-----------------------------------------
| eval/                   |             |
|    mean_ep_length       | 199         |
|    mean_reward          | 298         |
| time/                   |             |
|    total_timesteps      | 4040000     |
| train/                  |             |
|    approx_kl            | 0.052990526 |
|    clip_fraction        | 0.35        |
|    clip_range           | 0.2         |
|    entropy_loss         | -5.03       |
|    explained_variance   | 0           |
|    learning_rate        | 0.0003      |
|    loss                 | 21.1        |
|    n_updates            | 1970        |
|    policy_gradient_loss | 0.0279      |
|    std                  | 0.475       |
|    value_loss           | 38.5        |
-----------------------------------------
Eval num_timesteps=4050000, episode_reward=298.48 +/- 0.00
Episode length: 199.00 +/- 0.00
---------------------------------
| eval/              |          |
|    mean_ep_length  | 199      |
|    mean_reward     | 298      |
| time/              |          |
|    total_timesteps | 4050000  |
---------------------------------
---------------------------------
| rollout/           |          |
|    ep_len_mean     | 199      |
|    ep_rew_mean     | 280      |
| time/              |          |
|    fps             | 444      |
|    iterations      | 198      |
|    time_elapsed    | 9115     |
|    total_timesteps | 4055040  |
---------------------------------
Eval num_timesteps=4060000, episode_reward=295.74 +/- 0.00
Episode length: 199.00 +/- 0.00
-----------------------------------------
| eval/                   |             |
|    mean_ep_length       | 199         |
|    mean_reward          | 296         |
| time/                   |             |
|    total_timesteps      | 4060000     |
| train/                  |             |
|    approx_kl            | 0.041047867 |
|    clip_fraction        | 0.354       |
|    clip_range           | 0.2         |
|    entropy_loss         | -5.08       |
|    explained_variance   | 1.79e-07    |
|    learning_rate        | 0.0003      |
|    loss                 | 24.3        |
|    n_updates            | 1980        |
|    policy_gradient_loss | 0.0293      |
|    std                  | 0.478       |
|    value_loss           | 40          |
-----------------------------------------
Eval num_timesteps=4070000, episode_reward=295.74 +/- 0.00
Episode length: 199.00 +/- 0.00
---------------------------------
| eval/              |          |
|    mean_ep_length  | 199      |
|    mean_reward     | 296      |
| time/              |          |
|    total_timesteps | 4070000  |
---------------------------------
---------------------------------
| rollout/           |          |
|    ep_len_mean     | 199      |
|    ep_rew_mean     | 278      |
| time/              |          |
|    fps             | 444      |
|    iterations      | 199      |
|    time_elapsed    | 9162     |
|    total_timesteps | 4075520  |
---------------------------------
Eval num_timesteps=4080000, episode_reward=299.81 +/- 0.00
Episode length: 199.00 +/- 0.00
-----------------------------------------
| eval/                   |             |
|    mean_ep_length       | 199         |
|    mean_reward          | 300         |
| time/                   |             |
|    total_timesteps      | 4080000     |
| train/                  |             |
|    approx_kl            | 0.034165006 |
|    clip_fraction        | 0.351       |
|    clip_range           | 0.2         |
|    entropy_loss         | -5.08       |
|    explained_variance   | -1.19e-07   |
|    learning_rate        | 0.0003      |
|    loss                 | 29.4        |
|    n_updates            | 1990        |
|    policy_gradient_loss | 0.0284      |
|    std                  | 0.477       |
|    value_loss           | 42.4        |
-----------------------------------------
Eval num_timesteps=4090000, episode_reward=299.81 +/- 0.00
Episode length: 199.00 +/- 0.00
---------------------------------
| eval/              |          |
|    mean_ep_length  | 199      |
|    mean_reward     | 300      |
| time/              |          |
|    total_timesteps | 4090000  |
---------------------------------
---------------------------------
| rollout/           |          |
|    ep_len_mean     | 199      |
|    ep_rew_mean     | 285      |
| time/              |          |
|    fps             | 444      |
|    iterations      | 200      |
|    time_elapsed    | 9207     |
|    total_timesteps | 4096000  |
---------------------------------
Eval num_timesteps=4100000, episode_reward=290.28 +/- 0.00
Episode length: 199.00 +/- 0.00
----------------------------------------
| eval/                   |            |
|    mean_ep_length       | 199        |
|    mean_reward          | 290        |
| time/                   |            |
|    total_timesteps      | 4100000    |
| train/                  |            |
|    approx_kl            | 0.05875231 |
|    clip_fraction        | 0.345      |
|    clip_range           | 0.2        |
|    entropy_loss         | -5.08      |
|    explained_variance   | 0          |
|    learning_rate        | 0.0003     |
|    loss                 | 23.2       |
|    n_updates            | 2000       |
|    policy_gradient_loss | 0.0278     |
|    std                  | 0.482      |
|    value_loss           | 43.2       |
----------------------------------------
Eval num_timesteps=4110000, episode_reward=290.28 +/- 0.00
Episode length: 199.00 +/- 0.00
---------------------------------
| eval/              |          |
|    mean_ep_length  | 199      |
|    mean_reward     | 290      |
| time/              |          |
|    total_timesteps | 4110000  |
---------------------------------
---------------------------------
| rollout/           |          |
|    ep_len_mean     | 199      |
|    ep_rew_mean     | 295      |
| time/              |          |
|    fps             | 444      |
|    iterations      | 201      |
|    time_elapsed    | 9253     |
|    total_timesteps | 4116480  |
---------------------------------
Eval num_timesteps=4120000, episode_reward=295.01 +/- 0.00
Episode length: 199.00 +/- 0.00
-----------------------------------------
| eval/                   |             |
|    mean_ep_length       | 199         |
|    mean_reward          | 295         |
| time/                   |             |
|    total_timesteps      | 4120000     |
| train/                  |             |
|    approx_kl            | 0.061327387 |
|    clip_fraction        | 0.342       |
|    clip_range           | 0.2         |
|    entropy_loss         | -5.09       |
|    explained_variance   | 1.19e-07    |
|    learning_rate        | 0.0003      |
|    loss                 | 14.4        |
|    n_updates            | 2010        |
|    policy_gradient_loss | 0.0246      |
|    std                  | 0.48        |
|    value_loss           | 29.2        |
-----------------------------------------
Eval num_timesteps=4130000, episode_reward=295.01 +/- 0.00
Episode length: 199.00 +/- 0.00
---------------------------------
| eval/              |          |
|    mean_ep_length  | 199      |
|    mean_reward     | 295      |
| time/              |          |
|    total_timesteps | 4130000  |
---------------------------------
---------------------------------
| rollout/           |          |
|    ep_len_mean     | 199      |
|    ep_rew_mean     | 298      |
| time/              |          |
|    fps             | 444      |
|    iterations      | 202      |
|    time_elapsed    | 9299     |
|    total_timesteps | 4136960  |
---------------------------------
Eval num_timesteps=4140000, episode_reward=291.06 +/- 0.00
Episode length: 199.00 +/- 0.00
---------------------------------------
| eval/                   |           |
|    mean_ep_length       | 199       |
|    mean_reward          | 291       |
| time/                   |           |
|    total_timesteps      | 4140000   |
| train/                  |           |
|    approx_kl            | 0.0523021 |
|    clip_fraction        | 0.341     |
|    clip_range           | 0.2       |
|    entropy_loss         | -5.13     |
|    explained_variance   | -1.19e-07 |
|    learning_rate        | 0.0003    |
|    loss                 | 5.21      |
|    n_updates            | 2020      |
|    policy_gradient_loss | 0.0254    |
|    std                  | 0.483     |
|    value_loss           | 26.6      |
---------------------------------------
Eval num_timesteps=4150000, episode_reward=291.06 +/- 0.00
Episode length: 199.00 +/- 0.00
---------------------------------
| eval/              |          |
|    mean_ep_length  | 199      |
|    mean_reward     | 291      |
| time/              |          |
|    total_timesteps | 4150000  |
---------------------------------
---------------------------------
| rollout/           |          |
|    ep_len_mean     | 199      |
|    ep_rew_mean     | 296      |
| time/              |          |
|    fps             | 444      |
|    iterations      | 203      |
|    time_elapsed    | 9344     |
|    total_timesteps | 4157440  |
---------------------------------
Eval num_timesteps=4160000, episode_reward=311.09 +/- 0.00
Episode length: 199.00 +/- 0.00
----------------------------------------
| eval/                   |            |
|    mean_ep_length       | 199        |
|    mean_reward          | 311        |
| time/                   |            |
|    total_timesteps      | 4160000    |
| train/                  |            |
|    approx_kl            | 0.04432736 |
|    clip_fraction        | 0.339      |
|    clip_range           | 0.2        |
|    entropy_loss         | -5.16      |
|    explained_variance   | 0          |
|    learning_rate        | 0.0003     |
|    loss                 | 14.1       |
|    n_updates            | 2030       |
|    policy_gradient_loss | 0.0264     |
|    std                  | 0.485      |
|    value_loss           | 22.6       |
----------------------------------------
Eval num_timesteps=4170000, episode_reward=311.09 +/- 0.00
Episode length: 199.00 +/- 0.00
---------------------------------
| eval/              |          |
|    mean_ep_length  | 199      |
|    mean_reward     | 311      |
| time/              |          |
|    total_timesteps | 4170000  |
---------------------------------
---------------------------------
| rollout/           |          |
|    ep_len_mean     | 199      |
|    ep_rew_mean     | 303      |
| time/              |          |
|    fps             | 444      |
|    iterations      | 204      |
|    time_elapsed    | 9389     |
|    total_timesteps | 4177920  |
---------------------------------
Eval num_timesteps=4180000, episode_reward=313.64 +/- 0.00
Episode length: 199.00 +/- 0.00
-----------------------------------------
| eval/                   |             |
|    mean_ep_length       | 199         |
|    mean_reward          | 314         |
| time/                   |             |
|    total_timesteps      | 4180000     |
| train/                  |             |
|    approx_kl            | 0.038901944 |
|    clip_fraction        | 0.353       |
|    clip_range           | 0.2         |
|    entropy_loss         | -5.17       |
|    explained_variance   | -1.19e-07   |
|    learning_rate        | 0.0003      |
|    loss                 | 9.31        |
|    n_updates            | 2040        |
|    policy_gradient_loss | 0.0276      |
|    std                  | 0.484       |
|    value_loss           | 25.3        |
-----------------------------------------
Eval num_timesteps=4190000, episode_reward=313.64 +/- 0.00
Episode length: 199.00 +/- 0.00
---------------------------------
| eval/              |          |
|    mean_ep_length  | 199      |
|    mean_reward     | 314      |
| time/              |          |
|    total_timesteps | 4190000  |
---------------------------------
---------------------------------
| rollout/           |          |
|    ep_len_mean     | 199      |
|    ep_rew_mean     | 298      |
| time/              |          |
|    fps             | 444      |
|    iterations      | 205      |
|    time_elapsed    | 9436     |
|    total_timesteps | 4198400  |
---------------------------------
Eval num_timesteps=4200000, episode_reward=308.36 +/- 0.00
Episode length: 199.00 +/- 0.00
-----------------------------------------
| eval/                   |             |
|    mean_ep_length       | 199         |
|    mean_reward          | 308         |
| time/                   |             |
|    total_timesteps      | 4200000     |
| train/                  |             |
|    approx_kl            | 0.044123463 |
|    clip_fraction        | 0.348       |
|    clip_range           | 0.2         |
|    entropy_loss         | -5.19       |
|    explained_variance   | -1.19e-07   |
|    learning_rate        | 0.0003      |
|    loss                 | 23.1        |
|    n_updates            | 2050        |
|    policy_gradient_loss | 0.0291      |
|    std                  | 0.488       |
|    value_loss           | 30.5        |
-----------------------------------------
Eval num_timesteps=4210000, episode_reward=308.36 +/- 0.00
Episode length: 199.00 +/- 0.00
---------------------------------
| eval/              |          |
|    mean_ep_length  | 199      |
|    mean_reward     | 308      |
| time/              |          |
|    total_timesteps | 4210000  |
---------------------------------
---------------------------------
| rollout/           |          |
|    ep_len_mean     | 199      |
|    ep_rew_mean     | 299      |
| time/              |          |
|    fps             | 444      |
|    iterations      | 206      |
|    time_elapsed    | 9482     |
|    total_timesteps | 4218880  |
---------------------------------
Eval num_timesteps=4220000, episode_reward=307.90 +/- 0.00
Episode length: 199.00 +/- 0.00
----------------------------------------
| eval/                   |            |
|    mean_ep_length       | 199        |
|    mean_reward          | 308        |
| time/                   |            |
|    total_timesteps      | 4220000    |
| train/                  |            |
|    approx_kl            | 0.05079788 |
|    clip_fraction        | 0.352      |
|    clip_range           | 0.2        |
|    entropy_loss         | -5.25      |
|    explained_variance   | -1.19e-07  |
|    learning_rate        | 0.0003     |
|    loss                 | 6.15       |
|    n_updates            | 2060       |
|    policy_gradient_loss | 0.0291     |
|    std                  | 0.491      |
|    value_loss           | 29.7       |
----------------------------------------
Eval num_timesteps=4230000, episode_reward=307.90 +/- 0.00
Episode length: 199.00 +/- 0.00
---------------------------------
| eval/              |          |
|    mean_ep_length  | 199      |
|    mean_reward     | 308      |
| time/              |          |
|    total_timesteps | 4230000  |
---------------------------------
---------------------------------
| rollout/           |          |
|    ep_len_mean     | 199      |
|    ep_rew_mean     | 292      |
| time/              |          |
|    fps             | 444      |
|    iterations      | 207      |
|    time_elapsed    | 9528     |
|    total_timesteps | 4239360  |
---------------------------------
Eval num_timesteps=4240000, episode_reward=312.45 +/- 0.00
Episode length: 199.00 +/- 0.00
----------------------------------------
| eval/                   |            |
|    mean_ep_length       | 199        |
|    mean_reward          | 312        |
| time/                   |            |
|    total_timesteps      | 4240000    |
| train/                  |            |
|    approx_kl            | 0.04943169 |
|    clip_fraction        | 0.312      |
|    clip_range           | 0.2        |
|    entropy_loss         | -5.28      |
|    explained_variance   | 1.19e-07   |
|    learning_rate        | 0.0003     |
|    loss                 | 8.35       |
|    n_updates            | 2070       |
|    policy_gradient_loss | 0.0229     |
|    std                  | 0.493      |
|    value_loss           | 34.9       |
----------------------------------------
Eval num_timesteps=4250000, episode_reward=312.45 +/- 0.00
Episode length: 199.00 +/- 0.00
---------------------------------
| eval/              |          |
|    mean_ep_length  | 199      |
|    mean_reward     | 312      |
| time/              |          |
|    total_timesteps | 4250000  |
---------------------------------
---------------------------------
| rollout/           |          |
|    ep_len_mean     | 199      |
|    ep_rew_mean     | 297      |
| time/              |          |
|    fps             | 444      |
|    iterations      | 208      |
|    time_elapsed    | 9575     |
|    total_timesteps | 4259840  |
---------------------------------
Eval num_timesteps=4260000, episode_reward=314.97 +/- 0.00
Episode length: 199.00 +/- 0.00
----------------------------------------
| eval/                   |            |
|    mean_ep_length       | 199        |
|    mean_reward          | 315        |
| time/                   |            |
|    total_timesteps      | 4260000    |
| train/                  |            |
|    approx_kl            | 0.04087937 |
|    clip_fraction        | 0.341      |
|    clip_range           | 0.2        |
|    entropy_loss         | -5.32      |
|    explained_variance   | 1.19e-07   |
|    learning_rate        | 0.0003     |
|    loss                 | 15.4       |
|    n_updates            | 2080       |
|    policy_gradient_loss | 0.0277     |
|    std                  | 0.497      |
|    value_loss           | 29.8       |
----------------------------------------
Eval num_timesteps=4270000, episode_reward=314.97 +/- 0.00
Episode length: 199.00 +/- 0.00
---------------------------------
| eval/              |          |
|    mean_ep_length  | 199      |
|    mean_reward     | 315      |
| time/              |          |
|    total_timesteps | 4270000  |
---------------------------------
Eval num_timesteps=4280000, episode_reward=314.97 +/- 0.00
Episode length: 199.00 +/- 0.00
---------------------------------
| eval/              |          |
|    mean_ep_length  | 199      |
|    mean_reward     | 315      |
| time/              |          |
|    total_timesteps | 4280000  |
---------------------------------
---------------------------------
| rollout/           |          |
|    ep_len_mean     | 199      |
|    ep_rew_mean     | 301      |
| time/              |          |
|    fps             | 444      |
|    iterations      | 209      |
|    time_elapsed    | 9622     |
|    total_timesteps | 4280320  |
---------------------------------
Eval num_timesteps=4290000, episode_reward=318.69 +/- 0.00
Episode length: 199.00 +/- 0.00
-----------------------------------------
| eval/                   |             |
|    mean_ep_length       | 199         |
|    mean_reward          | 319         |
| time/                   |             |
|    total_timesteps      | 4290000     |
| train/                  |             |
|    approx_kl            | 0.048779637 |
|    clip_fraction        | 0.338       |
|    clip_range           | 0.2         |
|    entropy_loss         | -5.39       |
|    explained_variance   | 0           |
|    learning_rate        | 0.0003      |
|    loss                 | 22.3        |
|    n_updates            | 2090        |
|    policy_gradient_loss | 0.0265      |
|    std                  | 0.5         |
|    value_loss           | 26.4        |
-----------------------------------------
Eval num_timesteps=4300000, episode_reward=318.69 +/- 0.00
Episode length: 199.00 +/- 0.00
---------------------------------
| eval/              |          |
|    mean_ep_length  | 199      |
|    mean_reward     | 319      |
| time/              |          |
|    total_timesteps | 4300000  |
---------------------------------
---------------------------------
| rollout/           |          |
|    ep_len_mean     | 199      |
|    ep_rew_mean     | 302      |
| time/              |          |
|    fps             | 444      |
|    iterations      | 210      |
|    time_elapsed    | 9669     |
|    total_timesteps | 4300800  |
---------------------------------
Eval num_timesteps=4310000, episode_reward=319.67 +/- 0.00
Episode length: 199.00 +/- 0.00
----------------------------------------
| eval/                   |            |
|    mean_ep_length       | 199        |
|    mean_reward          | 320        |
| time/                   |            |
|    total_timesteps      | 4310000    |
| train/                  |            |
|    approx_kl            | 0.04622353 |
|    clip_fraction        | 0.346      |
|    clip_range           | 0.2        |
|    entropy_loss         | -5.4       |
|    explained_variance   | 0          |
|    learning_rate        | 0.0003     |
|    loss                 | 10.4       |
|    n_updates            | 2100       |
|    policy_gradient_loss | 0.0284     |
|    std                  | 0.499      |
|    value_loss           | 23.6       |
----------------------------------------
Eval num_timesteps=4320000, episode_reward=319.67 +/- 0.00
Episode length: 199.00 +/- 0.00
---------------------------------
| eval/              |          |
|    mean_ep_length  | 199      |
|    mean_reward     | 320      |
| time/              |          |
|    total_timesteps | 4320000  |
---------------------------------
---------------------------------
| rollout/           |          |
|    ep_len_mean     | 199      |
|    ep_rew_mean     | 311      |
| time/              |          |
|    fps             | 444      |
|    iterations      | 211      |
|    time_elapsed    | 9715     |
|    total_timesteps | 4321280  |
---------------------------------
Eval num_timesteps=4330000, episode_reward=321.70 +/- 0.00
Episode length: 199.00 +/- 0.00
-----------------------------------------
| eval/                   |             |
|    mean_ep_length       | 199         |
|    mean_reward          | 322         |
| time/                   |             |
|    total_timesteps      | 4330000     |
| train/                  |             |
|    approx_kl            | 0.044806622 |
|    clip_fraction        | 0.339       |
|    clip_range           | 0.2         |
|    entropy_loss         | -5.39       |
|    explained_variance   | 0           |
|    learning_rate        | 0.0003      |
|    loss                 | 5.37        |
|    n_updates            | 2110        |
|    policy_gradient_loss | 0.0243      |
|    std                  | 0.499       |
|    value_loss           | 12.5        |
-----------------------------------------
Eval num_timesteps=4340000, episode_reward=321.70 +/- 0.00
Episode length: 199.00 +/- 0.00
---------------------------------
| eval/              |          |
|    mean_ep_length  | 199      |
|    mean_reward     | 322      |
| time/              |          |
|    total_timesteps | 4340000  |
---------------------------------
---------------------------------
| rollout/           |          |
|    ep_len_mean     | 199      |
|    ep_rew_mean     | 312      |
| time/              |          |
|    fps             | 444      |
|    iterations      | 212      |
|    time_elapsed    | 9761     |
|    total_timesteps | 4341760  |
---------------------------------
Eval num_timesteps=4350000, episode_reward=334.28 +/- 0.00
Episode length: 199.00 +/- 0.00
----------------------------------------
| eval/                   |            |
|    mean_ep_length       | 199        |
|    mean_reward          | 334        |
| time/                   |            |
|    total_timesteps      | 4350000    |
| train/                  |            |
|    approx_kl            | 0.05004219 |
|    clip_fraction        | 0.327      |
|    clip_range           | 0.2        |
|    entropy_loss         | -5.41      |
|    explained_variance   | 0          |
|    learning_rate        | 0.0003     |
|    loss                 | 3.37       |
|    n_updates            | 2120       |
|    policy_gradient_loss | 0.0174     |
|    std                  | 0.498      |
|    value_loss           | 8.76       |
----------------------------------------
Eval num_timesteps=4360000, episode_reward=334.28 +/- 0.00
Episode length: 199.00 +/- 0.00
---------------------------------
| eval/              |          |
|    mean_ep_length  | 199      |
|    mean_reward     | 334      |
| time/              |          |
|    total_timesteps | 4360000  |
---------------------------------
---------------------------------
| rollout/           |          |
|    ep_len_mean     | 199      |
|    ep_rew_mean     | 317      |
| time/              |          |
|    fps             | 444      |
|    iterations      | 213      |
|    time_elapsed    | 9806     |
|    total_timesteps | 4362240  |
---------------------------------
Eval num_timesteps=4370000, episode_reward=336.19 +/- 0.00
Episode length: 199.00 +/- 0.00
----------------------------------------
| eval/                   |            |
|    mean_ep_length       | 199        |
|    mean_reward          | 336        |
| time/                   |            |
|    total_timesteps      | 4370000    |
| train/                  |            |
|    approx_kl            | 0.03818477 |
|    clip_fraction        | 0.337      |
|    clip_range           | 0.2        |
|    entropy_loss         | -5.39      |
|    explained_variance   | 5.96e-08   |
|    learning_rate        | 0.0003     |
|    loss                 | 5.03       |
|    n_updates            | 2130       |
|    policy_gradient_loss | 0.0251     |
|    std                  | 0.498      |
|    value_loss           | 11.3       |
----------------------------------------
Eval num_timesteps=4380000, episode_reward=336.19 +/- 0.00
Episode length: 199.00 +/- 0.00
---------------------------------
| eval/              |          |
|    mean_ep_length  | 199      |
|    mean_reward     | 336      |
| time/              |          |
|    total_timesteps | 4380000  |
---------------------------------
---------------------------------
| rollout/           |          |
|    ep_len_mean     | 199      |
|    ep_rew_mean     | 318      |
| time/              |          |
|    fps             | 444      |
|    iterations      | 214      |
|    time_elapsed    | 9853     |
|    total_timesteps | 4382720  |
---------------------------------
Eval num_timesteps=4390000, episode_reward=332.83 +/- 0.00
Episode length: 199.00 +/- 0.00
-----------------------------------------
| eval/                   |             |
|    mean_ep_length       | 199         |
|    mean_reward          | 333         |
| time/                   |             |
|    total_timesteps      | 4390000     |
| train/                  |             |
|    approx_kl            | 0.040874474 |
|    clip_fraction        | 0.338       |
|    clip_range           | 0.2         |
|    entropy_loss         | -5.42       |
|    explained_variance   | 0           |
|    learning_rate        | 0.0003      |
|    loss                 | 5.7         |
|    n_updates            | 2140        |
|    policy_gradient_loss | 0.024       |
|    std                  | 0.5         |
|    value_loss           | 10.9        |
-----------------------------------------
Eval num_timesteps=4400000, episode_reward=332.83 +/- 0.00
Episode length: 199.00 +/- 0.00
---------------------------------
| eval/              |          |
|    mean_ep_length  | 199      |
|    mean_reward     | 333      |
| time/              |          |
|    total_timesteps | 4400000  |
---------------------------------
---------------------------------
| rollout/           |          |
|    ep_len_mean     | 199      |
|    ep_rew_mean     | 316      |
| time/              |          |
|    fps             | 444      |
|    iterations      | 215      |
|    time_elapsed    | 9898     |
|    total_timesteps | 4403200  |
---------------------------------
Eval num_timesteps=4410000, episode_reward=311.22 +/- 0.00
Episode length: 199.00 +/- 0.00
-----------------------------------------
| eval/                   |             |
|    mean_ep_length       | 199         |
|    mean_reward          | 311         |
| time/                   |             |
|    total_timesteps      | 4410000     |
| train/                  |             |
|    approx_kl            | 0.054772735 |
|    clip_fraction        | 0.34        |
|    clip_range           | 0.2         |
|    entropy_loss         | -5.43       |
|    explained_variance   | -1.19e-07   |
|    learning_rate        | 0.0003      |
|    loss                 | 4.73        |
|    n_updates            | 2150        |
|    policy_gradient_loss | 0.0246      |
|    std                  | 0.5         |
|    value_loss           | 12.4        |
-----------------------------------------
Eval num_timesteps=4420000, episode_reward=311.22 +/- 0.00
Episode length: 199.00 +/- 0.00
---------------------------------
| eval/              |          |
|    mean_ep_length  | 199      |
|    mean_reward     | 311      |
| time/              |          |
|    total_timesteps | 4420000  |
---------------------------------
---------------------------------
| rollout/           |          |
|    ep_len_mean     | 199      |
|    ep_rew_mean     | 300      |
| time/              |          |
|    fps             | 444      |
|    iterations      | 216      |
|    time_elapsed    | 9944     |
|    total_timesteps | 4423680  |
---------------------------------
Eval num_timesteps=4430000, episode_reward=281.41 +/- 0.00
Episode length: 199.00 +/- 0.00
-----------------------------------------
| eval/                   |             |
|    mean_ep_length       | 199         |
|    mean_reward          | 281         |
| time/                   |             |
|    total_timesteps      | 4430000     |
| train/                  |             |
|    approx_kl            | 0.053276487 |
|    clip_fraction        | 0.349       |
|    clip_range           | 0.2         |
|    entropy_loss         | -5.48       |
|    explained_variance   | 0           |
|    learning_rate        | 0.0003      |
|    loss                 | 8.15        |
|    n_updates            | 2160        |
|    policy_gradient_loss | 0.0235      |
|    std                  | 0.504       |
|    value_loss           | 15.2        |
-----------------------------------------
Eval num_timesteps=4440000, episode_reward=281.41 +/- 0.00
Episode length: 199.00 +/- 0.00
---------------------------------
| eval/              |          |
|    mean_ep_length  | 199      |
|    mean_reward     | 281      |
| time/              |          |
|    total_timesteps | 4440000  |
---------------------------------
---------------------------------
| rollout/           |          |
|    ep_len_mean     | 199      |
|    ep_rew_mean     | 281      |
| time/              |          |
|    fps             | 444      |
|    iterations      | 217      |
|    time_elapsed    | 9988     |
|    total_timesteps | 4444160  |
---------------------------------
Eval num_timesteps=4450000, episode_reward=287.82 +/- 0.00
Episode length: 199.00 +/- 0.00
-----------------------------------------
| eval/                   |             |
|    mean_ep_length       | 199         |
|    mean_reward          | 288         |
| time/                   |             |
|    total_timesteps      | 4450000     |
| train/                  |             |
|    approx_kl            | 0.053138018 |
|    clip_fraction        | 0.346       |
|    clip_range           | 0.2         |
|    entropy_loss         | -5.51       |
|    explained_variance   | 1.19e-07    |
|    learning_rate        | 0.0003      |
|    loss                 | 9.62        |
|    n_updates            | 2170        |
|    policy_gradient_loss | 0.0224      |
|    std                  | 0.506       |
|    value_loss           | 17.7        |
-----------------------------------------
Eval num_timesteps=4460000, episode_reward=287.82 +/- 0.00
Episode length: 199.00 +/- 0.00
---------------------------------
| eval/              |          |
|    mean_ep_length  | 199      |
|    mean_reward     | 288      |
| time/              |          |
|    total_timesteps | 4460000  |
---------------------------------
---------------------------------
| rollout/           |          |
|    ep_len_mean     | 199      |
|    ep_rew_mean     | 283      |
| time/              |          |
|    fps             | 444      |
|    iterations      | 218      |
|    time_elapsed    | 10034    |
|    total_timesteps | 4464640  |
---------------------------------
Eval num_timesteps=4470000, episode_reward=295.28 +/- 0.00
Episode length: 199.00 +/- 0.00
-----------------------------------------
| eval/                   |             |
|    mean_ep_length       | 199         |
|    mean_reward          | 295         |
| time/                   |             |
|    total_timesteps      | 4470000     |
| train/                  |             |
|    approx_kl            | 0.039019365 |
|    clip_fraction        | 0.351       |
|    clip_range           | 0.2         |
|    entropy_loss         | -5.54       |
|    explained_variance   | 0           |
|    learning_rate        | 0.0003      |
|    loss                 | 6.25        |
|    n_updates            | 2180        |
|    policy_gradient_loss | 0.0242      |
|    std                  | 0.508       |
|    value_loss           | 22.2        |
-----------------------------------------
Eval num_timesteps=4480000, episode_reward=295.28 +/- 0.00
Episode length: 199.00 +/- 0.00
---------------------------------
| eval/              |          |
|    mean_ep_length  | 199      |
|    mean_reward     | 295      |
| time/              |          |
|    total_timesteps | 4480000  |
---------------------------------
---------------------------------
| rollout/           |          |
|    ep_len_mean     | 199      |
|    ep_rew_mean     | 288      |
| time/              |          |
|    fps             | 444      |
|    iterations      | 219      |
|    time_elapsed    | 10080    |
|    total_timesteps | 4485120  |
---------------------------------
Eval num_timesteps=4490000, episode_reward=310.12 +/- 0.00
Episode length: 199.00 +/- 0.00
-----------------------------------------
| eval/                   |             |
|    mean_ep_length       | 199         |
|    mean_reward          | 310         |
| time/                   |             |
|    total_timesteps      | 4490000     |
| train/                  |             |
|    approx_kl            | 0.048282173 |
|    clip_fraction        | 0.343       |
|    clip_range           | 0.2         |
|    entropy_loss         | -5.55       |
|    explained_variance   | 0           |
|    learning_rate        | 0.0003      |
|    loss                 | 6.98        |
|    n_updates            | 2190        |
|    policy_gradient_loss | 0.0238      |
|    std                  | 0.51        |
|    value_loss           | 19.1        |
-----------------------------------------
Eval num_timesteps=4500000, episode_reward=310.12 +/- 0.00
Episode length: 199.00 +/- 0.00
---------------------------------
| eval/              |          |
|    mean_ep_length  | 199      |
|    mean_reward     | 310      |
| time/              |          |
|    total_timesteps | 4500000  |
---------------------------------
---------------------------------
| rollout/           |          |
|    ep_len_mean     | 199      |
|    ep_rew_mean     | 298      |
| time/              |          |
|    fps             | 444      |
|    iterations      | 220      |
|    time_elapsed    | 10126    |
|    total_timesteps | 4505600  |
---------------------------------
Eval num_timesteps=4510000, episode_reward=324.72 +/- 0.00
Episode length: 199.00 +/- 0.00
----------------------------------------
| eval/                   |            |
|    mean_ep_length       | 199        |
|    mean_reward          | 325        |
| time/                   |            |
|    total_timesteps      | 4510000    |
| train/                  |            |
|    approx_kl            | 0.05573932 |
|    clip_fraction        | 0.333      |
|    clip_range           | 0.2        |
|    entropy_loss         | -5.59      |
|    explained_variance   | 1.79e-07   |
|    learning_rate        | 0.0003     |
|    loss                 | 10.2       |
|    n_updates            | 2200       |
|    policy_gradient_loss | 0.0215     |
|    std                  | 0.511      |
|    value_loss           | 18.9       |
----------------------------------------
Eval num_timesteps=4520000, episode_reward=324.72 +/- 0.00
Episode length: 199.00 +/- 0.00
---------------------------------
| eval/              |          |
|    mean_ep_length  | 199      |
|    mean_reward     | 325      |
| time/              |          |
|    total_timesteps | 4520000  |
---------------------------------
---------------------------------
| rollout/           |          |
|    ep_len_mean     | 199      |
|    ep_rew_mean     | 307      |
| time/              |          |
|    fps             | 444      |
|    iterations      | 221      |
|    time_elapsed    | 10172    |
|    total_timesteps | 4526080  |
---------------------------------
Eval num_timesteps=4530000, episode_reward=327.37 +/- 0.00
Episode length: 199.00 +/- 0.00
-----------------------------------------
| eval/                   |             |
|    mean_ep_length       | 199         |
|    mean_reward          | 327         |
| time/                   |             |
|    total_timesteps      | 4530000     |
| train/                  |             |
|    approx_kl            | 0.047051065 |
|    clip_fraction        | 0.333       |
|    clip_range           | 0.2         |
|    entropy_loss         | -5.57       |
|    explained_variance   | 0           |
|    learning_rate        | 0.0003      |
|    loss                 | 9.63        |
|    n_updates            | 2210        |
|    policy_gradient_loss | 0.0216      |
|    std                  | 0.511       |
|    value_loss           | 17.1        |
-----------------------------------------
Eval num_timesteps=4540000, episode_reward=327.37 +/- 0.00
Episode length: 199.00 +/- 0.00
---------------------------------
| eval/              |          |
|    mean_ep_length  | 199      |
|    mean_reward     | 327      |
| time/              |          |
|    total_timesteps | 4540000  |
---------------------------------
---------------------------------
| rollout/           |          |
|    ep_len_mean     | 199      |
|    ep_rew_mean     | 310      |
| time/              |          |
|    fps             | 445      |
|    iterations      | 222      |
|    time_elapsed    | 10215    |
|    total_timesteps | 4546560  |
---------------------------------
Eval num_timesteps=4550000, episode_reward=327.88 +/- 0.00
Episode length: 199.00 +/- 0.00
-----------------------------------------
| eval/                   |             |
|    mean_ep_length       | 199         |
|    mean_reward          | 328         |
| time/                   |             |
|    total_timesteps      | 4550000     |
| train/                  |             |
|    approx_kl            | 0.038882554 |
|    clip_fraction        | 0.33        |
|    clip_range           | 0.2         |
|    entropy_loss         | -5.58       |
|    explained_variance   | 1.19e-07    |
|    learning_rate        | 0.0003      |
|    loss                 | 2.76        |
|    n_updates            | 2220        |
|    policy_gradient_loss | 0.0229      |
|    std                  | 0.512       |
|    value_loss           | 13.4        |
-----------------------------------------
Eval num_timesteps=4560000, episode_reward=327.88 +/- 0.00
Episode length: 199.00 +/- 0.00
---------------------------------
| eval/              |          |
|    mean_ep_length  | 199      |
|    mean_reward     | 328      |
| time/              |          |
|    total_timesteps | 4560000  |
---------------------------------
---------------------------------
| rollout/           |          |
|    ep_len_mean     | 199      |
|    ep_rew_mean     | 310      |
| time/              |          |
|    fps             | 445      |
|    iterations      | 223      |
|    time_elapsed    | 10260    |
|    total_timesteps | 4567040  |
---------------------------------
Eval num_timesteps=4570000, episode_reward=325.60 +/- 0.00
Episode length: 199.00 +/- 0.00
-----------------------------------------
| eval/                   |             |
|    mean_ep_length       | 199         |
|    mean_reward          | 326         |
| time/                   |             |
|    total_timesteps      | 4570000     |
| train/                  |             |
|    approx_kl            | 0.043985713 |
|    clip_fraction        | 0.346       |
|    clip_range           | 0.2         |
|    entropy_loss         | -5.64       |
|    explained_variance   | 1.79e-07    |
|    learning_rate        | 0.0003      |
|    loss                 | 9.71        |
|    n_updates            | 2230        |
|    policy_gradient_loss | 0.0232      |
|    std                  | 0.515       |
|    value_loss           | 13.8        |
-----------------------------------------
Eval num_timesteps=4580000, episode_reward=325.60 +/- 0.00
Episode length: 199.00 +/- 0.00
---------------------------------
| eval/              |          |
|    mean_ep_length  | 199      |
|    mean_reward     | 326      |
| time/              |          |
|    total_timesteps | 4580000  |
---------------------------------
---------------------------------
| rollout/           |          |
|    ep_len_mean     | 199      |
|    ep_rew_mean     | 307      |
| time/              |          |
|    fps             | 445      |
|    iterations      | 224      |
|    time_elapsed    | 10306    |
|    total_timesteps | 4587520  |
---------------------------------
Eval num_timesteps=4590000, episode_reward=329.62 +/- 0.00
Episode length: 199.00 +/- 0.00
----------------------------------------
| eval/                   |            |
|    mean_ep_length       | 199        |
|    mean_reward          | 330        |
| time/                   |            |
|    total_timesteps      | 4590000    |
| train/                  |            |
|    approx_kl            | 0.07172556 |
|    clip_fraction        | 0.333      |
|    clip_range           | 0.2        |
|    entropy_loss         | -5.66      |
|    explained_variance   | 0          |
|    learning_rate        | 0.0003     |
|    loss                 | 7.52       |
|    n_updates            | 2240       |
|    policy_gradient_loss | 0.0209     |
|    std                  | 0.518      |
|    value_loss           | 18.6       |
----------------------------------------
Eval num_timesteps=4600000, episode_reward=329.62 +/- 0.00
Episode length: 199.00 +/- 0.00
---------------------------------
| eval/              |          |
|    mean_ep_length  | 199      |
|    mean_reward     | 330      |
| time/              |          |
|    total_timesteps | 4600000  |
---------------------------------
---------------------------------
| rollout/           |          |
|    ep_len_mean     | 199      |
|    ep_rew_mean     | 314      |
| time/              |          |
|    fps             | 445      |
|    iterations      | 225      |
|    time_elapsed    | 10350    |
|    total_timesteps | 4608000  |
---------------------------------
Eval num_timesteps=4610000, episode_reward=329.38 +/- 0.00
Episode length: 199.00 +/- 0.00
-----------------------------------------
| eval/                   |             |
|    mean_ep_length       | 199         |
|    mean_reward          | 329         |
| time/                   |             |
|    total_timesteps      | 4610000     |
| train/                  |             |
|    approx_kl            | 0.026907604 |
|    clip_fraction        | 0.326       |
|    clip_range           | 0.2         |
|    entropy_loss         | -5.66       |
|    explained_variance   | 0           |
|    learning_rate        | 0.0003      |
|    loss                 | 10.6        |
|    n_updates            | 2250        |
|    policy_gradient_loss | 0.0236      |
|    std                  | 0.519       |
|    value_loss           | 14.8        |
-----------------------------------------
Eval num_timesteps=4620000, episode_reward=329.38 +/- 0.00
Episode length: 199.00 +/- 0.00
---------------------------------
| eval/              |          |
|    mean_ep_length  | 199      |
|    mean_reward     | 329      |
| time/              |          |
|    total_timesteps | 4620000  |
---------------------------------
---------------------------------
| rollout/           |          |
|    ep_len_mean     | 199      |
|    ep_rew_mean     | 310      |
| time/              |          |
|    fps             | 445      |
|    iterations      | 226      |
|    time_elapsed    | 10394    |
|    total_timesteps | 4628480  |
---------------------------------
Eval num_timesteps=4630000, episode_reward=329.23 +/- 0.00
Episode length: 199.00 +/- 0.00
-----------------------------------------
| eval/                   |             |
|    mean_ep_length       | 199         |
|    mean_reward          | 329         |
| time/                   |             |
|    total_timesteps      | 4630000     |
| train/                  |             |
|    approx_kl            | 0.034728903 |
|    clip_fraction        | 0.306       |
|    clip_range           | 0.2         |
|    entropy_loss         | -5.67       |
|    explained_variance   | 0           |
|    learning_rate        | 0.0003      |
|    loss                 | 9.73        |
|    n_updates            | 2260        |
|    policy_gradient_loss | 0.0212      |
|    std                  | 0.519       |
|    value_loss           | 16.7        |
-----------------------------------------
Eval num_timesteps=4640000, episode_reward=329.23 +/- 0.00
Episode length: 199.00 +/- 0.00
---------------------------------
| eval/              |          |
|    mean_ep_length  | 199      |
|    mean_reward     | 329      |
| time/              |          |
|    total_timesteps | 4640000  |
---------------------------------
---------------------------------
| rollout/           |          |
|    ep_len_mean     | 199      |
|    ep_rew_mean     | 311      |
| time/              |          |
|    fps             | 445      |
|    iterations      | 227      |
|    time_elapsed    | 10439    |
|    total_timesteps | 4648960  |
---------------------------------
Eval num_timesteps=4650000, episode_reward=308.41 +/- 0.00
Episode length: 199.00 +/- 0.00
----------------------------------------
| eval/                   |            |
|    mean_ep_length       | 199        |
|    mean_reward          | 308        |
| time/                   |            |
|    total_timesteps      | 4650000    |
| train/                  |            |
|    approx_kl            | 0.04910114 |
|    clip_fraction        | 0.349      |
|    clip_range           | 0.2        |
|    entropy_loss         | -5.67      |
|    explained_variance   | 0          |
|    learning_rate        | 0.0003     |
|    loss                 | 11.1       |
|    n_updates            | 2270       |
|    policy_gradient_loss | 0.0258     |
|    std                  | 0.522      |
|    value_loss           | 14.7       |
----------------------------------------
Eval num_timesteps=4660000, episode_reward=308.41 +/- 0.00
Episode length: 199.00 +/- 0.00
---------------------------------
| eval/              |          |
|    mean_ep_length  | 199      |
|    mean_reward     | 308      |
| time/              |          |
|    total_timesteps | 4660000  |
---------------------------------
---------------------------------
| rollout/           |          |
|    ep_len_mean     | 199      |
|    ep_rew_mean     | 297      |
| time/              |          |
|    fps             | 445      |
|    iterations      | 228      |
|    time_elapsed    | 10484    |
|    total_timesteps | 4669440  |
---------------------------------
Eval num_timesteps=4670000, episode_reward=323.11 +/- 0.00
Episode length: 199.00 +/- 0.00
-----------------------------------------
| eval/                   |             |
|    mean_ep_length       | 199         |
|    mean_reward          | 323         |
| time/                   |             |
|    total_timesteps      | 4670000     |
| train/                  |             |
|    approx_kl            | 0.042248644 |
|    clip_fraction        | 0.347       |
|    clip_range           | 0.2         |
|    entropy_loss         | -5.73       |
|    explained_variance   | 1.19e-07    |
|    learning_rate        | 0.0003      |
|    loss                 | 9.98        |
|    n_updates            | 2280        |
|    policy_gradient_loss | 0.022       |
|    std                  | 0.526       |
|    value_loss           | 18.6        |
-----------------------------------------
Eval num_timesteps=4680000, episode_reward=323.11 +/- 0.00
Episode length: 199.00 +/- 0.00
---------------------------------
| eval/              |          |
|    mean_ep_length  | 199      |
|    mean_reward     | 323      |
| time/              |          |
|    total_timesteps | 4680000  |
---------------------------------
---------------------------------
| rollout/           |          |
|    ep_len_mean     | 199      |
|    ep_rew_mean     | 304      |
| time/              |          |
|    fps             | 445      |
|    iterations      | 229      |
|    time_elapsed    | 10528    |
|    total_timesteps | 4689920  |
---------------------------------
Eval num_timesteps=4690000, episode_reward=326.26 +/- 0.00
Episode length: 199.00 +/- 0.00
-----------------------------------------
| eval/                   |             |
|    mean_ep_length       | 199         |
|    mean_reward          | 326         |
| time/                   |             |
|    total_timesteps      | 4690000     |
| train/                  |             |
|    approx_kl            | 0.043036014 |
|    clip_fraction        | 0.349       |
|    clip_range           | 0.2         |
|    entropy_loss         | -5.77       |
|    explained_variance   | 0           |
|    learning_rate        | 0.0003      |
|    loss                 | 8.04        |
|    n_updates            | 2290        |
|    policy_gradient_loss | 0.0241      |
|    std                  | 0.531       |
|    value_loss           | 15.9        |
-----------------------------------------
Eval num_timesteps=4700000, episode_reward=326.26 +/- 0.00
Episode length: 199.00 +/- 0.00
---------------------------------
| eval/              |          |
|    mean_ep_length  | 199      |
|    mean_reward     | 326      |
| time/              |          |
|    total_timesteps | 4700000  |
---------------------------------
Eval num_timesteps=4710000, episode_reward=326.26 +/- 0.00
Episode length: 199.00 +/- 0.00
---------------------------------
| eval/              |          |
|    mean_ep_length  | 199      |
|    mean_reward     | 326      |
| time/              |          |
|    total_timesteps | 4710000  |
---------------------------------
---------------------------------
| rollout/           |          |
|    ep_len_mean     | 199      |
|    ep_rew_mean     | 308      |
| time/              |          |
|    fps             | 445      |
|    iterations      | 230      |
|    time_elapsed    | 10575    |
|    total_timesteps | 4710400  |
---------------------------------
Eval num_timesteps=4720000, episode_reward=322.72 +/- 0.00
Episode length: 199.00 +/- 0.00
----------------------------------------
| eval/                   |            |
|    mean_ep_length       | 199        |
|    mean_reward          | 323        |
| time/                   |            |
|    total_timesteps      | 4720000    |
| train/                  |            |
|    approx_kl            | 0.04013827 |
|    clip_fraction        | 0.337      |
|    clip_range           | 0.2        |
|    entropy_loss         | -5.82      |
|    explained_variance   | 0          |
|    learning_rate        | 0.0003     |
|    loss                 | 8.19       |
|    n_updates            | 2300       |
|    policy_gradient_loss | 0.0234     |
|    std                  | 0.534      |
|    value_loss           | 16.4       |
----------------------------------------
Eval num_timesteps=4730000, episode_reward=322.72 +/- 0.00
Episode length: 199.00 +/- 0.00
---------------------------------
| eval/              |          |
|    mean_ep_length  | 199      |
|    mean_reward     | 323      |
| time/              |          |
|    total_timesteps | 4730000  |
---------------------------------
---------------------------------
| rollout/           |          |
|    ep_len_mean     | 199      |
|    ep_rew_mean     | 307      |
| time/              |          |
|    fps             | 445      |
|    iterations      | 231      |
|    time_elapsed    | 10620    |
|    total_timesteps | 4730880  |
---------------------------------
Eval num_timesteps=4740000, episode_reward=317.49 +/- 0.00
Episode length: 199.00 +/- 0.00
-----------------------------------------
| eval/                   |             |
|    mean_ep_length       | 199         |
|    mean_reward          | 317         |
| time/                   |             |
|    total_timesteps      | 4740000     |
| train/                  |             |
|    approx_kl            | 0.050694495 |
|    clip_fraction        | 0.353       |
|    clip_range           | 0.2         |
|    entropy_loss         | -5.86       |
|    explained_variance   | 0           |
|    learning_rate        | 0.0003      |
|    loss                 | 13.9        |
|    n_updates            | 2310        |
|    policy_gradient_loss | 0.0278      |
|    std                  | 0.535       |
|    value_loss           | 19          |
-----------------------------------------
Eval num_timesteps=4750000, episode_reward=317.49 +/- 0.00
Episode length: 199.00 +/- 0.00
---------------------------------
| eval/              |          |
|    mean_ep_length  | 199      |
|    mean_reward     | 317      |
| time/              |          |
|    total_timesteps | 4750000  |
---------------------------------
---------------------------------
| rollout/           |          |
|    ep_len_mean     | 199      |
|    ep_rew_mean     | 299      |
| time/              |          |
|    fps             | 445      |
|    iterations      | 232      |
|    time_elapsed    | 10665    |
|    total_timesteps | 4751360  |
---------------------------------
Eval num_timesteps=4760000, episode_reward=314.79 +/- 0.00
Episode length: 199.00 +/- 0.00
-----------------------------------------
| eval/                   |             |
|    mean_ep_length       | 199         |
|    mean_reward          | 315         |
| time/                   |             |
|    total_timesteps      | 4760000     |
| train/                  |             |
|    approx_kl            | 0.041364644 |
|    clip_fraction        | 0.321       |
|    clip_range           | 0.2         |
|    entropy_loss         | -5.87       |
|    explained_variance   | 5.96e-08    |
|    learning_rate        | 0.0003      |
|    loss                 | 8.56        |
|    n_updates            | 2320        |
|    policy_gradient_loss | 0.0221      |
|    std                  | 0.535       |
|    value_loss           | 22.6        |
-----------------------------------------
Eval num_timesteps=4770000, episode_reward=314.79 +/- 0.00
Episode length: 199.00 +/- 0.00
---------------------------------
| eval/              |          |
|    mean_ep_length  | 199      |
|    mean_reward     | 315      |
| time/              |          |
|    total_timesteps | 4770000  |
---------------------------------
---------------------------------
| rollout/           |          |
|    ep_len_mean     | 199      |
|    ep_rew_mean     | 300      |
| time/              |          |
|    fps             | 445      |
|    iterations      | 233      |
|    time_elapsed    | 10711    |
|    total_timesteps | 4771840  |
---------------------------------
Eval num_timesteps=4780000, episode_reward=310.88 +/- 0.00
Episode length: 199.00 +/- 0.00
----------------------------------------
| eval/                   |            |
|    mean_ep_length       | 199        |
|    mean_reward          | 311        |
| time/                   |            |
|    total_timesteps      | 4780000    |
| train/                  |            |
|    approx_kl            | 0.03792566 |
|    clip_fraction        | 0.333      |
|    clip_range           | 0.2        |
|    entropy_loss         | -5.89      |
|    explained_variance   | 0          |
|    learning_rate        | 0.0003     |
|    loss                 | 14.2       |
|    n_updates            | 2330       |
|    policy_gradient_loss | 0.0244     |
|    std                  | 0.538      |
|    value_loss           | 25.2       |
----------------------------------------
Eval num_timesteps=4790000, episode_reward=310.88 +/- 0.00
Episode length: 199.00 +/- 0.00
---------------------------------
| eval/              |          |
|    mean_ep_length  | 199      |
|    mean_reward     | 311      |
| time/              |          |
|    total_timesteps | 4790000  |
---------------------------------
---------------------------------
| rollout/           |          |
|    ep_len_mean     | 199      |
|    ep_rew_mean     | 305      |
| time/              |          |
|    fps             | 445      |
|    iterations      | 234      |
|    time_elapsed    | 10755    |
|    total_timesteps | 4792320  |
---------------------------------
Eval num_timesteps=4800000, episode_reward=304.82 +/- 0.00
Episode length: 199.00 +/- 0.00
-----------------------------------------
| eval/                   |             |
|    mean_ep_length       | 199         |
|    mean_reward          | 305         |
| time/                   |             |
|    total_timesteps      | 4800000     |
| train/                  |             |
|    approx_kl            | 0.034010716 |
|    clip_fraction        | 0.321       |
|    clip_range           | 0.2         |
|    entropy_loss         | -5.93       |
|    explained_variance   | 1.19e-07    |
|    learning_rate        | 0.0003      |
|    loss                 | 10.3        |
|    n_updates            | 2340        |
|    policy_gradient_loss | 0.0223      |
|    std                  | 0.543       |
|    value_loss           | 20.3        |
-----------------------------------------
Eval num_timesteps=4810000, episode_reward=304.82 +/- 0.00
Episode length: 199.00 +/- 0.00
---------------------------------
| eval/              |          |
|    mean_ep_length  | 199      |
|    mean_reward     | 305      |
| time/              |          |
|    total_timesteps | 4810000  |
---------------------------------
---------------------------------
| rollout/           |          |
|    ep_len_mean     | 199      |
|    ep_rew_mean     | 304      |
| time/              |          |
|    fps             | 445      |
|    iterations      | 235      |
|    time_elapsed    | 10800    |
|    total_timesteps | 4812800  |
---------------------------------
Eval num_timesteps=4820000, episode_reward=304.53 +/- 0.00
Episode length: 199.00 +/- 0.00
----------------------------------------
| eval/                   |            |
|    mean_ep_length       | 199        |
|    mean_reward          | 305        |
| time/                   |            |
|    total_timesteps      | 4820000    |
| train/                  |            |
|    approx_kl            | 0.04605796 |
|    clip_fraction        | 0.312      |
|    clip_range           | 0.2        |
|    entropy_loss         | -5.94      |
|    explained_variance   | -1.19e-07  |
|    learning_rate        | 0.0003     |
|    loss                 | 14.4       |
|    n_updates            | 2350       |
|    policy_gradient_loss | 0.0197     |
|    std                  | 0.544      |
|    value_loss           | 19.9       |
----------------------------------------
Eval num_timesteps=4830000, episode_reward=304.53 +/- 0.00
Episode length: 199.00 +/- 0.00
---------------------------------
| eval/              |          |
|    mean_ep_length  | 199      |
|    mean_reward     | 305      |
| time/              |          |
|    total_timesteps | 4830000  |
---------------------------------
---------------------------------
| rollout/           |          |
|    ep_len_mean     | 199      |
|    ep_rew_mean     | 305      |
| time/              |          |
|    fps             | 445      |
|    iterations      | 236      |
|    time_elapsed    | 10844    |
|    total_timesteps | 4833280  |
---------------------------------
Eval num_timesteps=4840000, episode_reward=292.70 +/- 0.00
Episode length: 199.00 +/- 0.00
----------------------------------------
| eval/                   |            |
|    mean_ep_length       | 199        |
|    mean_reward          | 293        |
| time/                   |            |
|    total_timesteps      | 4840000    |
| train/                  |            |
|    approx_kl            | 0.03674174 |
|    clip_fraction        | 0.341      |
|    clip_range           | 0.2        |
|    entropy_loss         | -5.97      |
|    explained_variance   | 0          |
|    learning_rate        | 0.0003     |
|    loss                 | 7.36       |
|    n_updates            | 2360       |
|    policy_gradient_loss | 0.0236     |
|    std                  | 0.546      |
|    value_loss           | 16         |
----------------------------------------
Eval num_timesteps=4850000, episode_reward=292.70 +/- 0.00
Episode length: 199.00 +/- 0.00
---------------------------------
| eval/              |          |
|    mean_ep_length  | 199      |
|    mean_reward     | 293      |
| time/              |          |
|    total_timesteps | 4850000  |
---------------------------------
---------------------------------
| rollout/           |          |
|    ep_len_mean     | 199      |
|    ep_rew_mean     | 300      |
| time/              |          |
|    fps             | 445      |
|    iterations      | 237      |
|    time_elapsed    | 10889    |
|    total_timesteps | 4853760  |
---------------------------------
Eval num_timesteps=4860000, episode_reward=305.02 +/- 0.00
Episode length: 199.00 +/- 0.00
----------------------------------------
| eval/                   |            |
|    mean_ep_length       | 199        |
|    mean_reward          | 305        |
| time/                   |            |
|    total_timesteps      | 4860000    |
| train/                  |            |
|    approx_kl            | 0.03994489 |
|    clip_fraction        | 0.319      |
|    clip_range           | 0.2        |
|    entropy_loss         | -5.97      |
|    explained_variance   | 0          |
|    learning_rate        | 0.0003     |
|    loss                 | 4.99       |
|    n_updates            | 2370       |
|    policy_gradient_loss | 0.0165     |
|    std                  | 0.544      |
|    value_loss           | 10.3       |
----------------------------------------
Eval num_timesteps=4870000, episode_reward=305.02 +/- 0.00
Episode length: 199.00 +/- 0.00
---------------------------------
| eval/              |          |
|    mean_ep_length  | 199      |
|    mean_reward     | 305      |
| time/              |          |
|    total_timesteps | 4870000  |
---------------------------------
---------------------------------
| rollout/           |          |
|    ep_len_mean     | 199      |
|    ep_rew_mean     | 306      |
| time/              |          |
|    fps             | 445      |
|    iterations      | 238      |
|    time_elapsed    | 10935    |
|    total_timesteps | 4874240  |
---------------------------------
Eval num_timesteps=4880000, episode_reward=322.91 +/- 0.00
Episode length: 199.00 +/- 0.00
----------------------------------------
| eval/                   |            |
|    mean_ep_length       | 199        |
|    mean_reward          | 323        |
| time/                   |            |
|    total_timesteps      | 4880000    |
| train/                  |            |
|    approx_kl            | 0.04277826 |
|    clip_fraction        | 0.329      |
|    clip_range           | 0.2        |
|    entropy_loss         | -6         |
|    explained_variance   | -2.38e-07  |
|    learning_rate        | 0.0003     |
|    loss                 | 4.28       |
|    n_updates            | 2380       |
|    policy_gradient_loss | 0.0201     |
|    std                  | 0.547      |
|    value_loss           | 9.35       |
----------------------------------------
Eval num_timesteps=4890000, episode_reward=322.91 +/- 0.00
Episode length: 199.00 +/- 0.00
---------------------------------
| eval/              |          |
|    mean_ep_length  | 199      |
|    mean_reward     | 323      |
| time/              |          |
|    total_timesteps | 4890000  |
---------------------------------
---------------------------------
| rollout/           |          |
|    ep_len_mean     | 199      |
|    ep_rew_mean     | 314      |
| time/              |          |
|    fps             | 445      |
|    iterations      | 239      |
|    time_elapsed    | 10980    |
|    total_timesteps | 4894720  |
---------------------------------
Eval num_timesteps=4900000, episode_reward=319.70 +/- 0.00
Episode length: 199.00 +/- 0.00
-----------------------------------------
| eval/                   |             |
|    mean_ep_length       | 199         |
|    mean_reward          | 320         |
| time/                   |             |
|    total_timesteps      | 4900000     |
| train/                  |             |
|    approx_kl            | 0.046474975 |
|    clip_fraction        | 0.329       |
|    clip_range           | 0.2         |
|    entropy_loss         | -6.04       |
|    explained_variance   | -1.19e-07   |
|    learning_rate        | 0.0003      |
|    loss                 | 5.73        |
|    n_updates            | 2390        |
|    policy_gradient_loss | 0.0223      |
|    std                  | 0.549       |
|    value_loss           | 11.3        |
-----------------------------------------
Eval num_timesteps=4910000, episode_reward=319.70 +/- 0.00
Episode length: 199.00 +/- 0.00
---------------------------------
| eval/              |          |
|    mean_ep_length  | 199      |
|    mean_reward     | 320      |
| time/              |          |
|    total_timesteps | 4910000  |
---------------------------------
---------------------------------
| rollout/           |          |
|    ep_len_mean     | 199      |
|    ep_rew_mean     | 316      |
| time/              |          |
|    fps             | 445      |
|    iterations      | 240      |
|    time_elapsed    | 11024    |
|    total_timesteps | 4915200  |
---------------------------------
Eval num_timesteps=4920000, episode_reward=335.11 +/- 0.00
Episode length: 199.00 +/- 0.00
-----------------------------------------
| eval/                   |             |
|    mean_ep_length       | 199         |
|    mean_reward          | 335         |
| time/                   |             |
|    total_timesteps      | 4920000     |
| train/                  |             |
|    approx_kl            | 0.044602685 |
|    clip_fraction        | 0.32        |
|    clip_range           | 0.2         |
|    entropy_loss         | -6.03       |
|    explained_variance   | 5.96e-08    |
|    learning_rate        | 0.0003      |
|    loss                 | 2.85        |
|    n_updates            | 2400        |
|    policy_gradient_loss | 0.0206      |
|    std                  | 0.546       |
|    value_loss           | 7.58        |
-----------------------------------------
Eval num_timesteps=4930000, episode_reward=335.11 +/- 0.00
Episode length: 199.00 +/- 0.00
---------------------------------
| eval/              |          |
|    mean_ep_length  | 199      |
|    mean_reward     | 335      |
| time/              |          |
|    total_timesteps | 4930000  |
---------------------------------
---------------------------------
| rollout/           |          |
|    ep_len_mean     | 199      |
|    ep_rew_mean     | 320      |
| time/              |          |
|    fps             | 445      |
|    iterations      | 241      |
|    time_elapsed    | 11068    |
|    total_timesteps | 4935680  |
---------------------------------
Eval num_timesteps=4940000, episode_reward=339.61 +/- 0.00
Episode length: 199.00 +/- 0.00
-----------------------------------------
| eval/                   |             |
|    mean_ep_length       | 199         |
|    mean_reward          | 340         |
| time/                   |             |
|    total_timesteps      | 4940000     |
| train/                  |             |
|    approx_kl            | 0.033179402 |
|    clip_fraction        | 0.339       |
|    clip_range           | 0.2         |
|    entropy_loss         | -6.04       |
|    explained_variance   | 0           |
|    learning_rate        | 0.0003      |
|    loss                 | 4.37        |
|    n_updates            | 2410        |
|    policy_gradient_loss | 0.0227      |
|    std                  | 0.546       |
|    value_loss           | 7.53        |
-----------------------------------------
Eval num_timesteps=4950000, episode_reward=339.61 +/- 0.00
Episode length: 199.00 +/- 0.00
---------------------------------
| eval/              |          |
|    mean_ep_length  | 199      |
|    mean_reward     | 340      |
| time/              |          |
|    total_timesteps | 4950000  |
---------------------------------
---------------------------------
| rollout/           |          |
|    ep_len_mean     | 199      |
|    ep_rew_mean     | 324      |
| time/              |          |
|    fps             | 446      |
|    iterations      | 242      |
|    time_elapsed    | 11112    |
|    total_timesteps | 4956160  |
---------------------------------
Eval num_timesteps=4960000, episode_reward=338.21 +/- 0.00
Episode length: 199.00 +/- 0.00
-----------------------------------------
| eval/                   |             |
|    mean_ep_length       | 199         |
|    mean_reward          | 338         |
| time/                   |             |
|    total_timesteps      | 4960000     |
| train/                  |             |
|    approx_kl            | 0.027654856 |
|    clip_fraction        | 0.34        |
|    clip_range           | 0.2         |
|    entropy_loss         | -6          |
|    explained_variance   | 0           |
|    learning_rate        | 0.0003      |
|    loss                 | 3.4         |
|    n_updates            | 2420        |
|    policy_gradient_loss | 0.0228      |
|    std                  | 0.543       |
|    value_loss           | 5.29        |
-----------------------------------------
Eval num_timesteps=4970000, episode_reward=338.21 +/- 0.00
Episode length: 199.00 +/- 0.00
---------------------------------
| eval/              |          |
|    mean_ep_length  | 199      |
|    mean_reward     | 338      |
| time/              |          |
|    total_timesteps | 4970000  |
---------------------------------
---------------------------------
| rollout/           |          |
|    ep_len_mean     | 199      |
|    ep_rew_mean     | 326      |
| time/              |          |
|    fps             | 446      |
|    iterations      | 243      |
|    time_elapsed    | 11156    |
|    total_timesteps | 4976640  |
---------------------------------
Eval num_timesteps=4980000, episode_reward=349.13 +/- 0.00
Episode length: 199.00 +/- 0.00
-----------------------------------------
| eval/                   |             |
|    mean_ep_length       | 199         |
|    mean_reward          | 349         |
| time/                   |             |
|    total_timesteps      | 4980000     |
| train/                  |             |
|    approx_kl            | 0.040045924 |
|    clip_fraction        | 0.342       |
|    clip_range           | 0.2         |
|    entropy_loss         | -5.99       |
|    explained_variance   | 1.19e-07    |
|    learning_rate        | 0.0003      |
|    loss                 | 1.88        |
|    n_updates            | 2430        |
|    policy_gradient_loss | 0.0247      |
|    std                  | 0.543       |
|    value_loss           | 5.14        |
-----------------------------------------
Eval num_timesteps=4990000, episode_reward=349.13 +/- 0.00
Episode length: 199.00 +/- 0.00
---------------------------------
| eval/              |          |
|    mean_ep_length  | 199      |
|    mean_reward     | 349      |
| time/              |          |
|    total_timesteps | 4990000  |
---------------------------------
---------------------------------
| rollout/           |          |
|    ep_len_mean     | 199      |
|    ep_rew_mean     | 328      |
| time/              |          |
|    fps             | 446      |
|    iterations      | 244      |
|    time_elapsed    | 11201    |
|    total_timesteps | 4997120  |
---------------------------------
Eval num_timesteps=5000000, episode_reward=342.43 +/- 0.00
Episode length: 199.00 +/- 0.00
---------------------------------------
| eval/                   |           |
|    mean_ep_length       | 199       |
|    mean_reward          | 342       |
| time/                   |           |
|    total_timesteps      | 5000000   |
| train/                  |           |
|    approx_kl            | 0.0586584 |
|    clip_fraction        | 0.352     |
|    clip_range           | 0.2       |
|    entropy_loss         | -5.98     |
|    explained_variance   | 0         |
|    learning_rate        | 0.0003    |
|    loss                 | 1.44      |
|    n_updates            | 2440      |
|    policy_gradient_loss | 0.0271    |
|    std                  | 0.543     |
|    value_loss           | 5.1       |
---------------------------------------
Eval num_timesteps=5010000, episode_reward=342.43 +/- 0.00
Episode length: 199.00 +/- 0.00
---------------------------------
| eval/              |          |
|    mean_ep_length  | 199      |
|    mean_reward     | 342      |
| time/              |          |
|    total_timesteps | 5010000  |
---------------------------------
---------------------------------
| rollout/           |          |
|    ep_len_mean     | 199      |
|    ep_rew_mean     | 325      |
| time/              |          |
|    fps             | 446      |
|    iterations      | 245      |
|    time_elapsed    | 11246    |
|    total_timesteps | 5017600  |
---------------------------------
 100% ━━━━━━━━━━━━━━━━━━━━ 5,017,600/5,000,000  [ 3:06:57 < 0:00:00 , 582 it/s ]
train_fivemillion - MAE: 0.000706628609095396, CAE: 0.1413257218190792, Control Effort: 232.27702484838665, Mean Control Effort: 1.1613851242419333
